S, x, y, nx, ny, theta, m
0.,0.,2.440845092341208,-4.550847881642719,0.,0.,-2.708622912306181
0.0008333333333333334,0.00500082983347129,2.440811217695537,-4.550776920643487,0.0329226583536182,-0.013545675955124948,-2.708551090399015
0.0016666666666666668,0.010000766448435814,2.4407096146210385,-4.550559010309989,0.06582717592905259,-0.027090652547862373,-2.7083356021703824
0.0025,0.014998855081741584,2.4405403026318107,-4.550185803071774,0.09871128342922285,-0.04063418164906247,-2.7079763575471594
0.0033333333333333335,0.01999419154419926,2.4403033215895356,-4.549649697575862,0.1315726965692812,-0.05417555374998169,-2.7074732837473303
0.004166666666666667,0.024985861510652865,2.4399987274998245,-4.548943262675888,0.16440898624512362,-0.0677140501946893,-2.7068263123100884
0.005,0.029972951006045558,2.4396265913162587,-4.548059313175662,0.19721761557637457,-0.08124895121994348,-2.7060353812480185
0.005833333333333334,0.03495454820394348,2.4391870022168143,-4.546990975368504,0.2299959252120537,-0.09477953674229728,-2.7051004384627877
0.006666666666666667,0.03992974277925215,2.4386800633879036,-4.545731614921481,0.26274115966130734,-0.10830508642074754,-2.704021438817422
0.007500000000000001,0.04489762755386221,2.438105893409302,-4.544274861106807,0.2954504783672598,-0.12182487980017839,-2.702798350718963
0.008333333333333333,0.04985729799538948,2.4374646303589294,-4.542614676595406,0.3281209145750277,-0.13533819613400483,-2.701431154426355
0.009166666666666667,0.05480785286446804,2.4367564236062287,-4.540745217962244,0.36074945230698946,-0.1488443147868851,-2.6999198434754925
0.01,0.059748394529673385,2.4359814408311564,-4.538660955399237,0.3933329722907455,-0.16234251502240618,-2.698264426660933
0.010833333333333334,0.0646780290172445,2.435139862181386,-4.536356573540952,0.42586830005599874,-0.1758320762630532,-2.6964649272679235
0.011666666666666667,0.06959586732705784,2.43423188744809,-4.533827094253433,0.45835216437005166,-0.18931227802764097,-2.6945213887495107
0.0125,0.07450102404771748,2.4332577268192472,-4.531067718750415,0.49078125481094553,-0.20278240011172835,-2.6924338681061486
0.013333333333333334,0.07939262016193316,2.4322176110252514,-4.528074001956323,0.5231521747841641,-0.21624172268623346,-2.690202447073785
0.014166666666666668,0.08426977797318308,2.4311117735775913,-4.524841547313027,0.5554615210656169,-0.22968952611913762,-2.687827211782684
0.015000000000000001,0.08913163270809372,2.4299404815915873,-4.521366539470132,0.5877057791261696,-0.2431250920355168,-2.6853082957240946
0.015833333333333335,0.0939773245589911,2.4287040164493288,-4.5176454092144365,0.6198813811139019,-0.256547702445515,-2.6826458511436617
0.016666666666666666,0.09880599371820123,2.4274026595329055,-4.51367458733274,0.6519847591768935,-0.2699566393592762,-2.6798400302870307
0.0175,0.10361678229954825,2.4260366971783993,-4.509450590886425,0.684012328096575,-0.28335118504783186,-2.6768909917136865
0.018333333333333333,0.10840885139182588,2.424606453670678,-4.5049706000273195,0.7159604260471077,-0.2967306245705699,-2.6737989572822687
0.01916666666666667,0.11318137260340431,2.4231122708358077,-4.500232102316262,0.7478253789773686,-0.3100942446003177,-2.6705641842465835
0.02,0.11793351764258193,2.421554490594441,-4.495232586994134,0.7796035133431181,-0.32344133182662127,-2.6671869302029
0.020833333333333336,0.12266445913324106,2.4199334569606314,-4.489969579870684,0.8112911493506779,-0.3367711730866715,-2.6636674556332847
0.021666666666666667,0.12737338578870983,2.418249543993666,-4.48444113483376,0.8428845532624853,-0.3500830580902078,-2.660006070707725
0.022500000000000003,0.13205949968194175,2.4165031458537043,-4.478645661908039,0.8743799867194987,-0.3633762791320072,-2.6562031261177546
0.023333333333333334,0.13672200325548337,2.414694656806043,-4.472581573309004,0.9057737149735191,-0.376650128596863,-2.652258973607989
0.02416666666666667,0.14136010482521125,2.412824479470857,-4.466247430459332,0.9370620046009553,-0.38990390002393116,-2.6481739820826338
0.025,0.1459730345154219,2.410893045575288,-4.459642316531134,0.9682411397132756,-0.4031368915810499,-2.643948582347225
0.025833333333333337,0.15056002750358033,2.408900793177719,-4.452765428630664,0.9993074112052094,-0.4163484025823789,-2.639583219159083
0.02666666666666667,0.15512031989709607,2.4068481617133397,-4.445615988476036,1.0302571092624924,-0.42953773255571753,-2.635078339783469
0.0275,0.15965316557637618,2.4047356123760473,-4.438193611805995,1.0610865477660516,-0.4427041852972704,-2.6304344380036526
0.028333333333333335,0.16415783428295144,2.4025636237054226,-4.4304982312513665,1.0917920786896789,-0.45584706849681605,-2.625652048473751
0.029166666666666667,0.16863359631151983,2.400332674733716,-4.42252978861245,1.12237005625974,-0.46896568998388216,-2.620731707241078
0.030000000000000002,0.17307973014282974,2.398043253419947,-4.41428838972046,1.1528168526859348,-0.4820593596515702,-2.6156739703875167
0.030833333333333334,0.17749553937075732,2.395695872379279,-4.405774598051934,1.183128915308937,-0.49512739405373773,-2.610479453534774
0.03166666666666667,0.18188033237221596,2.3932910484405654,-4.396989056193943,1.2133027093063329,-0.5081691110711866,-2.6051487833048226
0.0325,0.1862334191889663,2.3908293001170122,-4.387932438022015,1.2433347041624316,-0.5211838290330293,-2.599682590158161
0.03333333333333333,0.19055413231948895,2.3883111656779996,-4.378605790673478,1.2732214484589714,-0.5341708726375038,-2.594081553660154
0.03416666666666667,0.19484182033455272,2.385737196196119,-4.369010406434431,1.3029595568588657,-0.5471295712864105,-2.5883463873157293
0.035,0.19909583218300422,2.3831079430012028,-4.359147582633939,1.3325456458922118,-0.560059254496637,-2.5824778053895794
0.035833333333333335,0.20331552796296787,2.380423966269383,-4.349018786943118,1.361976376061139,-0.57295925510244,-2.5764765446726727
0.03666666666666667,0.2075002951561393,2.3776858456471173,-4.338625868641227,1.3912485309483726,-0.585828914390339,-2.570343394772548
0.037500000000000006,0.21164952536331996,2.3748941633639338,-4.3279707287783244,1.4203589149608409,-0.5986675749649104,-2.564079152857094
0.03833333333333334,0.21576260787222346,2.37204950094431,-4.317055251112558,1.4493043167047295,-0.6114745785714373,-2.5576846130959177
0.03916666666666667,0.21983895710524615,2.3691524559734716,-4.305881642215149,1.4780816445942682,-0.6242492750545557,-2.55116061388736
0.04,0.22387802262464562,2.366203645178181,-4.294452506765746,1.5066879950050378,-0.6369910260705077,-2.544508050870629
0.04083333333333333,0.22787925512340307,2.363203685854255,-4.282770461501241,1.535120470650409,-0.6496991936625162,-2.537727821461801
0.04166666666666667,0.23184210529449975,2.3601531952975074,-4.270838123158523,1.5633761742437524,-0.6623731398738045,-2.530820823076953
0.0425,0.23576602383113246,2.357052790810643,-4.25865810858002,1.5914522084726037,-0.6750122267464019,-2.52378795314813
0.043333333333333335,0.23965047558006272,2.35390309861548,-4.24623321383767,1.6193457452269464,-0.6876158208723447,-2.5166301344252933
0.04416666666666667,0.24349497591489105,2.3507047673489594,-4.233566731359784,1.6470542409702804,-0.7001833068495847,-2.5093483582948974
0.045000000000000005,0.24729905145476486,2.3474584487069237,-4.220662034668174,1.6745752231866957,-0.7127140736445385,-2.5019436269667623
0.04583333333333334,0.2510622288188314,2.344164794385215,-4.207522497284652,1.7019062193602816,-0.7252075102236225,-2.494416942650706
0.04666666666666667,0.254784034626238,2.3408244560796754,-4.19415149273103,1.7290447569751277,-0.7376630055532533,-2.486769307556548
0.0475,0.25846399627627714,2.337438086064595,-4.180552405503138,1.755988367619533,-0.7500799488231222,-2.4790017257491592
0.04833333333333334,0.26210167317823513,2.33400634951747,-4.166728912623043,1.782734772768169,-0.7624577407115418,-2.4711152444598294
0.04916666666666667,0.2656966673233079,2.3305299224774494,-4.152684988451088,1.8092819590001843,-0.7747957985342528,-2.4631109491688443
0.05,0.2692485836513388,2.3270094810857906,-4.1384246184700935,1.8356279325418376,-0.7870935408987633,-2.454989926027734
0.050833333333333335,0.27275702710217137,2.3234457014837524,-4.123951788162884,1.8617706996193877,-0.7993503864125808,-2.446753261188029
0.05166666666666667,0.27622160261564904,2.319839259812592,-4.1092704830122795,1.8877082664590936,-0.8115657536832134,-2.4384020408012597
0.052500000000000005,0.2796419202354255,2.3161908342132342,-4.094384734023827,1.913438670422711,-0.8237390631634687,-2.429937357962209
0.05333333333333334,0.28301763759638665,2.3125011132800566,-4.079298876738761,1.9389602527632992,-0.8358697540947733,-2.421360346841975
0.05416666666666667,0.28634843824691764,2.3087707876546095,-4.06401735915662,1.9642715262373902,-0.8479572766527088,-2.4126721534488587
0.055,0.28963400599524997,2.305000547873346,-4.048544628565382,1.9893710055292417,-0.8600010811467541,-2.403873923546955
0.05583333333333334,0.2928740246496152,2.3011910844727206,-4.032885132253026,2.014257205323111,-0.8720006178863879,-2.3949668029003597
0.05666666666666667,0.2960681780224781,2.2973430879965187,-4.017043317629404,2.0389286403237397,-0.8839553371815804,-2.385951937294496
0.0575,0.2992161658166476,2.293457252033812,-4.001023726927285,2.0633839285067217,-0.8958646956829706,-2.3768304853313613
0.058333333333333334,0.3023177393596335,2.28953427283116,-3.9848311032284958,2.0876220311530136,-0.9077281719700386,-2.367603627373269
0.05916666666666667,0.3053726604384703,2.2855748456044194,-3.9684702070594406,2.111641980790628,-0.9195452493534393,-2.3582725438807564
0.060000000000000005,0.3083806908401924,2.281579665569448,-3.951945798946523,2.135442809947576,-0.9313154111438267,-2.3488384153143596
0.060833333333333336,0.31134159235183434,2.277549427942102,-3.9352626394161465,2.159023551151869,-0.9430381406518556,-2.3393024221346153
0.06166666666666667,0.3142551276399028,2.2734848281689977,-3.9184254951590356,2.1823832428189776,-0.9547129215301164,-2.3296657456925787
0.0625,0.31712109142815686,2.2693865621857845,-3.901439239585986,2.205521138586139,-0.966339251243992,-2.3199295785165073
0.06333333333333334,0.31993931882368504,2.265255321563374,-3.8843088063753264,2.2284367636010782,-0.9779166455073435,-2.3100951138342967
0.06416666666666668,0.3227096475034763,2.2610917970702475,-3.8670391252276466,2.2511296603309163,-0.9894446212846661,-2.3001635435088708
0.065,0.32543191514451986,2.2568966794748864,-3.8496351258435366,2.2735993712427724,-1.0009226955404547,-2.2901360594031543
0.06583333333333334,0.32810595942380477,2.252670659545772,-3.8321017379235855,2.2958454388037675,-1.0123503852392048,-2.280013853380071
0.06666666666666667,0.330731623193176,2.2484144280646516,-3.814443907389026,2.3178674409258524,-1.0237272095903682,-2.2697981189520733
0.0675,0.33330879393660223,2.244128669414142,-3.7966666218969674,2.3396652549071617,-1.0350527082276773,-2.2594900474427306
0.06833333333333334,0.33583738188157236,2.239814061683269,-3.7787748446665685,2.361238907664294,-1.0463264316870706,-2.249090821416966
0.06916666666666667,0.33831729743278394,2.235471282806195,-3.760773537131685,2.3825884271769597,-1.0575479306066864,-2.2386016231047465
0.07,0.34074845099493467,2.2311010107170812,-3.7426676607261706,2.403713841424867,-1.0687167556246635,-2.22802363473604
0.07083333333333333,0.3431307529422951,2.2267039233702848,-3.7244621770989825,2.424615178214319,-1.0798324573626839,-2.2173580385782743
0.07166666666666667,0.3454641208360779,2.2222806991655726,-3.7061620773755397,2.445292517676643,-1.0908945895030442,-2.206606019883843
0.07250000000000001,0.34774852487616653,2.217831999810878,-3.687772261423808,2.4657462796994705,-1.1019027313060559,-2.1957687404969968
0.07333333333333333,0.34998395205660704,2.2133584798383055,-3.6692975715141833,2.4859769885361214,-1.1128564704857593,-2.18484735059572
0.07416666666666667,0.3521703893714457,2.2088607937799605,-3.6507428499170578,2.505985168439919,-1.1237553947561953,-2.173843000357997
0.07500000000000001,0.3543078238147286,2.2043395961679475,-3.6321129389028255,2.525771343664182,-1.1345990918314044,-2.162756839961811
0.07583333333333334,0.3563962423805018,2.1997955415343724,-3.613412680741881,2.5453360384622328,-1.1453871494254269,-2.151590019585147
0.07666666666666667,0.358435632065016,2.1952292844131556,-3.5946469177411737,2.5646797771108742,-1.1561191552529668,-2.140343689409304
0.0775,0.36042599611089565,2.1906414751298007,-3.575820479566763,2.583803193724224,-1.16679470477802,-2.129018993708303
0.07833333333333334,0.3623673893702701,2.1860327403323843,-3.5569379904755087,2.6027072342904245,-1.1774134197586568,-2.1176170402111842
0.07916666666666668,0.3642598767075086,2.1814036993654717,-3.538003991430632,2.6213928955625168,-1.187974927494887,-2.1061389248831324
0.08,0.3661035229869804,2.176754971573629,-3.5190230233953543,2.6398611742935425,-1.1984788552867207,-2.094585743689332
0.08083333333333334,0.367898393073055,2.1720871763014222,-3.4999996273328953,2.658113067236543,-1.208924830434168,-2.0829585925949656
0.08166666666666667,0.3696445518301016,2.167400932893417,-3.4809383442064767,2.6761495711445598,-1.2193124802372386,-2.0712585675652186
0.0825,0.3713420641224896,2.1626968606941794,-3.461843714979319,2.693971682770635,-1.2296414319959432,-2.059486764565274
0.08333333333333334,0.3729910080996104,2.157975573458275,-3.4427202376133885,2.7115804842208466,-1.2399113196787321,-2.0476442694935435
0.08416666666666667,0.3745915082276935,2.153237656070849,-3.42357210220944,2.728977305147059,-1.250121802206841,-2.0357321233848737
0.085,0.37614369877583603,2.148483684511832,-3.4044033866487236,2.746163512686889,-1.260272544290437,-2.0237513548686508
0.08583333333333334,0.3776477140130582,2.1437142347610894,-3.3852181688111176,2.7631404739769425,-1.270363210639666,-2.0117029925742176
0.08666666666666667,0.37910368820838,2.1389298827984886,-3.366020526576501,2.7799095561538274,-1.2803934659646738,-1.9995880651309188
0.08750000000000001,0.3805117556308217,2.1341312046038956,-3.346814537824751,2.7964721263541503,-1.2903629749756065,-1.987407601168097
0.08833333333333333,0.3818720505494033,2.1293187761571764,-3.3276042804357484,2.8128295517145188,-1.3002714023826096,-1.9751626293150966
0.08916666666666667,0.3831847179369251,2.1244931672413303,-3.3083937705947934,2.82898326216299,-1.3101184185269672,-1.9628541671267223
0.09000000000000001,0.3844499433299824,2.1196549148672474,-3.289186629570275,2.844934861313609,-1.319903717071365,-1.9504831844935648
0.09083333333333334,0.3856679214939833,2.1148045454355575,-3.269986334067953,2.8606859704696275,-1.3296269976572443,-1.9380506385278442
0.09166666666666667,0.3868388471912571,2.1099425853440605,-3.2507963607313117,2.876238210884309,-1.3392879599254117,-1.9255574863421379
0.09250000000000001,0.3879629151841327,2.1050695609905548,-3.2316201862038345,2.891593203810918,-1.3488863035166725,-1.9130046850490228
0.09333333333333334,0.389040320234939,2.1001859987728406,-3.212461287129006,2.906752570502717,-1.3584217280718325,-1.900393191761077
0.09416666666666668,0.3900712571060052,2.0952924250887173,-3.19332314015031,2.921717932212972,-1.367893933231698,-1.8877239635908771
0.095,0.3910559305400511,2.090389358109404,-3.1742091229358427,2.9364909541094293,-1.3773026243677595,-1.8749979449079226
0.09583333333333334,0.3919945792844239,2.0854772813461158,-3.1551221574290595,2.951073394589829,-1.3866475280563624,-1.8622160357937436
0.09666666666666668,0.3928874476744149,2.0805566695450763,-3.136065035831823,2.9654670012686446,-1.3959283751358833,-1.8493791286491468
0.0975,0.3937347800221014,2.0756279974598852,-3.1170405503660783,2.9796735215582046,-1.4051448964343471,-1.8364881159030355
0.09833333333333334,0.39453682063956036,2.070691739844143,-3.098051493253767,2.9936947028708394,-1.4142968227797796,-1.8235438899843124
0.09916666666666667,0.39529381383886897,2.0657483714514493,-3.0791006567168346,3.0075322926188774,-1.4233838850002059,-1.810547343321881
0.1,0.3960059958453898,2.0607983620843244,-3.060190689398922,3.02118790686697,-1.4324057998302182,-1.7974993521877074
0.10083333333333334,0.39667366493076517,2.055842161753755,-3.0412968379498158,3.0346408359235486,-1.4413623455354778,-1.7844008522418864
0.10166666666666667,0.3972970837618248,2.050880206034703,-3.0223937023268856,3.0478697064886866,-1.4502532584989916,-1.7712528855471275
0.10250000000000001,0.39787651015494374,2.0459128967710765,-3.0034835649639287,3.0608763570421833,-1.4590783117395076,-1.7580564733232622
0.10333333333333335,0.398412246734524,2.040940692142389,-2.984568922982967,3.0736628643924058,-1.467837247024863,-1.7448127952021388
0.10416666666666667,0.39890458123651507,2.035964007634158,-2.965652056113836,3.0862312466619497,-1.4765298316141677,-1.7315229437663735
0.10500000000000001,0.39935380317315666,2.030983246193711,-2.9467351903295707,3.0985835596651303,-1.4851558405888623,-1.7181879970165426
0.10583333333333333,0.3997602110287239,2.025998808775843,-2.9278205553094887,3.1107219455298383,-1.4937150508855865,-1.7048090460121863
0.10666666666666667,0.40012410864235826,2.021011087520558,-2.9089103454569534,3.1226486109740788,-1.502207245298922,-1.6913871788730575
0.10750000000000001,0.40044580334130786,2.0160204682314897,-2.890006727695093,3.1343658031961796,-1.5106322107874794,-1.6779234808773849
0.10833333333333334,0.4007256105936296,2.011027323058628,-2.8711118138280263,3.1458758663795656,-1.5189897433439619,-1.664419032412337
0.10916666666666668,0.40096384679341723,2.006032022505607,-2.8522277086349717,3.15718115550615,-1.5272796400436854,-1.6508749131916363
0.11,0.40116083252663626,2.001034927592898,-2.8333564688528483,3.168284069741363,-1.5355017040777605,-1.637292196959782
0.11083333333333334,0.40131689658342623,1.9960363849300637,-2.8145000904448896,3.1791871044486535,-1.5436557481296398,-1.6236719516294988
0.11166666666666668,0.4014323683827691,1.9910367396677122,-2.7956605619032255,3.1898927613902752,-1.551741585821349,-1.610015244167731
0.1125,0.4015075811869594,1.9860363265948768,-2.776839814473012,3.2004035780837468,-1.5597590373739925,-1.5963231337234347
0.11333333333333334,0.40154287365470454,1.9810354703863686,-2.7580397343494023,3.210722153749803,-1.5677079296313285,-1.5825966747143927
0.11416666666666668,0.401538585250105,1.9760344932777312,-2.739262193850115,3.2208510942718567,-1.5755880909875304,-1.568836919556891
0.115,0.401495061090873,1.9710337029060052,-2.7205089870035573,3.2307930593754755,-1.5833993591850855,-1.5550449101177948
0.11583333333333334,0.40141264936733334,1.9660334006699658,-2.7017818783410137,3.240550742689952,-1.5911415760222198,-1.5412216848933489
0.11666666666666667,0.4012916992313899,1.9610338841561215,-2.6830826088541686,3.2501268426996512,-1.598814585696938,-1.527368278741707
0.11750000000000001,0.40113256524440366,1.9560354358100764,-2.664412835611382,3.259524105119353,-1.6064182420710282,-1.513485714806629
0.11833333333333335,0.4009356036464094,1.9510383344825555,-2.6457741981321488,3.268745293784445,-1.6139524013339712,-1.4995750141293331
0.11916666666666667,0.4007011704378344,1.946042857996762,-2.6271683269453807,3.27779316434541,-1.621416920295435,-1.4856371959573977
0.12000000000000001,0.40042962904490337,1.9410492603928666,-2.6085967147522386,3.28667052691832,-1.6288116708739555,-1.4716732593510402
0.12083333333333333,0.40012134517943315,1.9360577890354453,-2.590060816657645,3.2953802106915155,-1.6361365292406342,-1.4576841980350668
0.12166666666666667,0.3997766845532406,1.9310686912890729,-2.5715620877665217,3.303925044853337,-1.6433913715665736,-1.4436710057342825
0.12250000000000001,0.3993960128929568,1.9260822145052807,-2.5531019831763744,3.312307858797442,-1.6505760740323523,-1.4296346761818854
0.12333333333333334,0.39897969880271866,1.9210985968237764,-2.534681905398152,3.3205315004284204,-1.657690518728488,-1.4155761954870962
0.12416666666666668,0.3985281158210954,1.9161180510300664,-2.5163030935674464,3.328598818810054,-1.6647346037034112,-1.401496523441179
0.125,0.39804163777750684,1.9111407855856388,-2.4979667555190943,3.336512654019869,-1.671708229670213,-1.387396614363115
0.12583333333333335,0.39752063850137276,1.9061670089519804,-2.479674099087929,3.3442758461353908,-1.6786112973419856,-1.3732774225718845
0.12666666666666668,0.3969654918264288,1.9011969295889355,-2.4614263321225667,3.3518912353037233,-1.6854437074331872,-1.3591399023919173
0.1275,0.3963765743876682,1.8962307483857042,-2.4432246225840832,3.3593616829659387,-1.6922053655734994,-1.3449850029393629
0.12833333333333335,0.3957542667946532,1.8912686413477988,-2.4250699756547913,3.3666900288750896,-1.6988961931241622,-1.330813646925964
0.12916666666666668,0.3950989493056714,1.886310779381546,-2.406963356104048,3.3738790879160208,-1.7055161145756552,-1.3166267495840558
0.13,0.3944110021790103,1.8813573333932716,-2.38890572870121,3.3809316749735796,-1.7120650544184597,-1.3024252261459717
0.13083333333333333,0.39369080567295744,1.8764084742893024,-2.370898058215633,3.3878506049326123,-1.7185429371430558,-1.2882099918440457
0.13166666666666668,0.3929387412448036,1.8714643671096487,-2.352941272715584,3.3946386904061225,-1.7249496910211284,-1.2739819564189803
0.1325,0.3921551925552633,1.8665251531046292,-2.3350361373889297,3.401298685206677,-1.7312852594663592,-1.2597420029224637
0.13333333333333333,0.3913405431076427,1.8615909675005444,-2.3171833723999495,3.4078333149162576,-1.7375495896750437,-1.2454910064591573
0.13416666666666668,0.3904951764050976,1.856661945523716,-2.299383697912283,3.41424530511413,-1.7437426288434539,-1.2312298421334988
0.135,0.38961947595078383,1.8517382224004661,-2.2816378340895698,3.4205373813795608,-1.7498643241678604,-1.216959385049928
0.13583333333333333,0.38871382583536757,1.8468199288449423,-2.2639464715022823,3.4267122599760502,-1.7559146257667437,-1.2026805058136392
0.1366666666666667,0.3877786108455464,1.841907173280475,-2.2463101432062778,3.4327725659742283,-1.7618934981279812,-1.1883940495326475
0.1375,0.38681421526688675,1.8370000572694782,-2.228729330105577,3.4387208817304784,-1.7678009101405816,-1.1741008524068597
0.13833333333333334,0.38582102338095997,1.8320986823727072,-2.2112045130717206,3.4445597895115445,-1.7736368306944994,-1.1598017506282865
0.1391666666666667,0.3847994194693373,1.8272031501509176,-2.1937361729762497,3.450291871584171,-1.7794012286796896,-1.1454975803889387
0.14,0.3837497880541619,1.822313558767969,-2.1763247675233943,3.4559196980207627,-1.7850940752133606,-1.1311891744632776
0.14083333333333334,0.38267251309879863,1.8174299859083356,-2.158970605720232,3.461445720169053,-1.7907153548793748,-1.1168773426133287
0.14166666666666666,0.3815679775964833,1.8125525016368618,-2.1416739378252445,3.4668723280531792,-1.7962650572867895,-1.1025628851252935
0.14250000000000002,0.3804365645275768,1.8076811760062763,-2.124435013952593,3.4722019113447895,-1.8017431720528723,-1.0882466022567194
0.14333333333333334,0.3792786568724402,1.802816079069308,-2.1072540842164385,3.4774368597155307,-1.8071496887948906,-1.073929294265156
0.14416666666666667,0.37809463793451176,1.7979572802300756,-2.0901313953145095,3.482579567910093,-1.812484597521391,-1.0596117608325075
0.14500000000000002,0.3768848895220087,1.7931048307508966,-2.0730670594715934,3.48763229288662,-1.8177479005510833,-1.0452947823434566
0.14583333333333334,0.3756497910855647,1.7882587679820077,-2.0560610813171327,3.4925971537829223,-1.8229396097998152,-1.0309791240170496
0.14666666666666667,0.3743897220202122,1.7834191290565529,-2.0391134637320745,3.4974762670866197,-1.8280597373356349,-1.0166655508299678
0.14750000000000002,0.373105061720984,1.7785859511076754,-2.0222242095973653,3.5022717492853324,-1.8331082952265911,-1.0023548277588927
0.14833333333333334,0.3717961895829129,1.773759271268519,-2.0053933217939544,3.5069857168666796,-1.8380852955407314,-0.9880477197805074
0.14916666666666667,0.37046347884549785,1.7689391269727783,-1.988620808273093,3.511620253565527,-1.842990733162564,-0.9737449918965682
0.15000000000000002,0.3691072304406521,1.7641255556312074,-1.971906710334591,3.51617702336135,-1.8478244006923052,-0.9594474092002039
0.15083333333333335,0.36772798427747466,1.7593185231433204,-1.9552489641275985,3.5206373781605262,-1.8525868338930986,-0.9451556860755221
0.15166666666666667,0.3663260377440317,1.7545180622533776,-1.9386460790278877,3.524981903037152,-1.8572778276735455,-0.9308706402933279
0.1525,0.36490175879203,1.749724179074932,-1.9220978299866076,3.52921245034314,-1.8618974009591136,-0.9165930846041475
0.15333333333333335,0.3634555202826895,1.7449368748385474,-1.9056039564292377,3.5333309074770214,-1.8664455926823476,-0.9023238293926132
0.15416666666666667,0.36198769389885593,1.7401561463256239,-1.8891641678149416,3.5373391661343834,-1.8709224456699352,-0.8880636837838856
0.155,0.36049864960257755,1.735381982854878,-1.872778123329353,3.5412391301242154,-1.875328008992675,-0.8738134546934297
0.15583333333333335,0.3589887569454997,1.7306143723791514,-1.8564454730008282,3.545032703583224,-1.8796623329781514,-0.8595739486804741
0.15666666666666668,0.3574583834772897,1.7258532961988635,-1.840165822212148,3.5487217922500776,-1.8839254740711169,-0.8453459705568714
0.1575,0.3559078958526887,1.721098731836059,-1.8239387509031828,3.552308307532879,-1.8881174919064134,-0.8311303240273483
0.15833333333333335,0.354337659579634,1.7163506537196243,-1.8077638184570894,3.555794157360965,-1.892238449256491,-0.816927812113836
0.15916666666666668,0.3527480381018847,1.711609029467909,-1.7916405386510579,3.5591812510324914,-1.8962884152037742,-0.8027392360771228
0.16,0.3511393944201402,1.7068738253152473,-1.7755684160512144,3.5624714976293643,-1.900267460153062,-0.7885653968445803
0.16083333333333336,0.3495120893587079,1.7021450017006121,-1.7595469169223381,3.5656667990095037,-1.904175660470097,-0.7744070941356069
0.16166666666666668,0.34786648257899266,1.6974225152979943,-1.7435754823509602,3.5687690573472097,-1.9080130960414066,-0.7602651267132158
0.1625,0.3462029340544489,1.6927063241451485,-1.7276535628632133,3.5717801724719496,-1.9117798456864175,-0.7461402938214757
0.16333333333333333,0.3445217990147645,1.687996374204507,-1.7117805296813684,3.5747020249214785,-1.9154760010116514,-0.7320333924106598
0.16416666666666668,0.34282343097125395,1.6832926067938296,-1.6959557233003801,3.577536489960688,-1.9191016583646252,-0.7179452184451035
0.165,0.341108183435232,1.6785949632308776,-1.6801784842152048,3.5802854428544686,-1.922656914092855,-0.7038765678891437
0.16583333333333333,0.33937640991801327,1.673903384833411,-1.6644481529207968,3.582950758867711,-1.926141864543858,-0.689828236707116
0.16666666666666669,0.3376284637927363,1.6692178123977057,-1.648764066511848,3.5855343137048004,-1.9295566065555112,-0.6758010207570623
0.1675,0.33586469432829935,1.6645381774938601,-1.633125503395484,3.5880379580451027,-1.9329012478159033,-0.6617957149616771
0.16833333333333333,0.33408544618815866,1.6598644039669188,-1.6175316938755258,3.590463498511061,-1.9361759066297413,-0.6478131141262617
0.1691666666666667,0.3322910637973393,1.6551964154407066,-1.6019818669726724,3.592812738357683,-1.9393807017453695,-0.6338540131134383
0.17,0.3304818915808664,1.6505341355390493,-1.5864752517076248,3.595087480839975,-1.9425157519111325,-0.6199192067858301
0.17083333333333334,0.3286582739637649,1.6458774878857718,-1.5710110771010821,3.5972895292129445,-1.945581175875375,-0.6060094900060596
0.1716666666666667,0.3268205546681152,1.6412263936355325,-1.555588556306508,3.59942068808041,-1.9485770948229932,-0.5921256572294428
0.17250000000000001,0.3249690716957441,1.6365807631862508,-1.5402068373402353,3.601482714188312,-1.9515036445410032,-0.5782685032518176
0.17333333333333334,0.32310416038947526,1.6319405043905282,-1.52486505476386,3.603477326566732,-1.9543609662301038,-0.5644388239883418
0.17416666666666666,0.32122615608111216,1.6273055251147572,-1.5095623432500225,3.6054062439360575,-1.957149201099808,-0.550637415368341
0.17500000000000002,0.3193353941024583,1.6226757332253305,-1.494297837471362,3.6072711850166765,-1.9598684903596282,-0.5368650733211408
0.17583333333333334,0.3174322097768392,1.6180510365381406,-1.4790706717574003,3.6090738686741957,-1.9625189752584304,-0.52312259376193
0.17666666666666667,0.31551693589910645,1.6134313383317058,-1.4638799539302456,3.6108159910424336,-1.9651008036845925,-0.5094107732722488
0.17750000000000002,0.3135898993370031,1.608816534369605,-1.4487247521642055,3.6124991753801985,-1.9676141375787266,-0.49573041144391045
0.17833333333333334,0.31165142611699703,1.6042065197739752,-1.4336041320697364,3.6141250319342046,-1.9700591406700367,-0.4820823084932867
0.17916666666666667,0.30970184226555575,1.5996011896669526,-1.418517159257294,3.615695170951166,-1.972435976687727,-0.468467264636748
0.18000000000000002,0.30774147380914696,1.5950004391706738,-1.4034628993373335,3.6172112026777965,-1.9747448093610014,-0.45488608009066483
0.18083333333333335,0.3057706465119746,1.5904041629131471,-1.3884404150409955,3.618674735277143,-1.9769858031318381,-0.44133955513389034
0.18166666666666667,0.3037896813725441,1.5858122496368454,-1.3734487402175724,3.620087318145814,-1.9791591343174493,-0.42782849330937156
0.18250000000000002,0.30179889524606096,1.5812245844656692,-1.3584868949592777,3.621450439464364,-1.9812649890378018,-0.4143537020289055
0.18333333333333335,0.2997986048503744,1.5766410524939831,-1.3435538995874152,3.6227655847729157,-1.9833035537063608,-0.4009159888947734
0.18416666666666667,0.29778912690333337,1.572061538816152,-1.3286487744232878,3.6240342396115945,-1.9852750147365912,-0.38751616150925533
0.18500000000000003,0.29577077812278685,1.5674859285265403,-1.313770539788198,3.625257889520524,-1.9871795585419585,-0.37415502747463125
0.18583333333333335,0.29374387404130475,1.5629141052612323,-1.2989182091081342,3.6264380057368846,-1.9890173745894677,-0.36083339532690234
0.18666666666666668,0.2917087241224774,1.5583459475719157,-1.2840907797311387,3.627575970321688,-1.9907886675228408,-0.3475520804444323
0.1875,0.28966563589407945,1.5537813330890848,-1.2692872495310552,3.6286731322039945,-1.99249364669193,-0.3343119009942686
0.18833333333333335,0.2876149168830782,1.5492201394455798,-1.254506616403985,3.629730840280775,-1.9941325214480257,-0.32111367514698397
0.18916666666666668,0.28555687461644136,1.544662244274242,-1.2397478782460323,3.630750443449002,-1.9957055011424172,-0.30795822107315246
0.19,0.2834918166990767,1.540107525187701,-1.2250100323945023,3.631733292248878,-1.9972127949192262,-0.29484635674808735
0.19083333333333335,0.28142004918125285,1.5355558579498794,-1.2102920675304256,3.632680718407599,-1.998654615872886,-0.28177890126737787
0.19166666666666668,0.279341870631269,1.5310071150178026,-1.1955929798354248,3.6335939284456837,-2.0000311965611606,-0.26875668600592395
0.1925,0.2772575782355418,1.5264611685053837,-1.1809117692301598,3.634474104098874,-2.001342773158224,-0.25578054493632607
0.19333333333333336,0.2751674691804884,1.5219178905265356,-1.166247435635291,3.6353224271029103,-2.0025895818382486,-0.24285131203118493
0.19416666666666668,0.27307184065252577,1.5173771531951719,-1.1515989789714796,3.636140079193533,-2.0037718587754076,-0.22996982126310228
0.195,0.27097098983807083,1.5128388286252057,-1.136965399159386,3.636928242106485,-2.004889840143875,-0.2171369066046787
0.19583333333333336,0.2688652139235405,1.5083027889305498,-1.1223456961196703,3.637688097577505,-2.0059437621178224,-0.20435340202851474
0.19666666666666668,0.2667548046367954,1.5037689054889476,-1.1077388819255716,3.638420753417864,-2.00693384933827,-0.1916201661700744
0.1975,0.264640053155268,1.4992370458101827,-1.093143966532089,3.6391272570843674,-2.0078604070237067,-0.1789380140073428
0.19833333333333333,0.2625212468177614,1.4947070803818046,-1.0785599756363715,3.6398086413972774,-2.008723671411803,-0.1663078120724288
0.1991666666666667,0.2603986735453172,1.4901788787493124,-1.0639859342865134,3.6404659306038596,-2.009523903824307,-0.1537304115253245
0.2,0.2582726195652089,1.485652310322707,-1.0494208770738451,3.641100118001397,-2.010261370415243,-0.14120666717031052
0.20083333333333334,0.2561433695877866,1.48112724435724,-1.0348697938254765,3.641708776423028,-2.010936341964081,-0.128737430894434
0.2016666666666667,0.25401120069345173,1.4766035527962924,-1.0203376947679235,3.6422894332838784,-2.011549088531931,-0.11632351535489688
0.2025,0.25187640388490734,1.4720811008646768,-1.005823581645688,3.6428430540202523,-2.0120998961416956,-0.10396577048493465
0.20333333333333334,0.2497392577426533,1.4675597585838012,-0.9913264718445244,3.6433705454300904,-2.012589047820563,-0.09166502289657787
0.2041666666666667,0.2476000393151359,1.4630393965041602,-0.9768453827462884,3.6438728056289342,-2.013016827047017,-0.07942209750331253
0.20500000000000002,0.24545902520625187,1.4585198845720702,-0.9623793086184311,3.6443507136196263,-2.0133835266502036,-0.0672378318866627
0.20583333333333334,0.24331649169171837,1.4540010928235627,-0.9479272419938477,3.6448051450644634,-2.0136894403986476,-0.0551130645067234
0.2066666666666667,0.2411727123615286,1.449482891915364,-0.9334881603677456,3.645236948293138,-2.0139348696937676,-0.043048640833381245
0.20750000000000002,0.23902796103906138,1.4449651525373126,-0.9190610433132909,3.6456469740938964,-2.0141201153255617,-0.031045405822418465
0.20833333333333334,0.23688250850281312,1.4404477464179155,-0.9046448563766627,3.6460360426259877,-2.014245486941522,-0.019104212723856373
0.20916666666666667,0.23473662354563946,1.435930545698381,-0.890238553602462,3.646404953814424,-2.014311299806876,-0.00722591991103433
0.21000000000000002,0.23259057493180849,1.431413422515993,-0.8758410887819192,3.6467545072831977,-2.0143178692618204,0.004588614179595337
0.21083333333333334,0.2304446310777644,1.4268962495758142,-0.8614514183811236,3.647085499906315,-2.014265511900916,0.016338529723020585
0.21166666666666667,0.228299056649172,1.422378901530296,-0.8470684881055408,3.647398692113259,-2.0141545555756255,0.02802295604550306
0.21250000000000002,0.22615411444802863,1.4178612533258346,-0.832691231923894,3.6476948251296326,-2.013985333364504,0.03964101774836928
0.21333333333333335,0.2240100672750944,1.413343179910635,-0.8183185838145068,3.6479746401768174,-2.0137581783502005,0.05119183942955643
0.21416666666666667,0.22186717734006026,1.4088245573425646,-0.8039494839937812,3.6482388749360166,-2.013473425787566,0.0626745433881058
0.21500000000000002,0.21972570338634714,1.4043052638040767,-0.7895828660971748,3.648488234728691,-2.013131421477478,0.07408824175609159
0.21583333333333335,0.21758590320187146,1.3997851776541683,-0.775217657917049,3.6487234148734324,-2.0127325139232433,0.08543204417238572
0.21666666666666667,0.21544803454614334,1.395264177310509,-0.7608527876243381,3.6489451106006863,-2.012277051732663,0.09670506018661516
0.21750000000000003,0.21331235321969244,1.3907421431990024,-0.7464871881747694,3.6491540024202056,-2.0117653898234384,0.10790639352475376
0.21833333333333335,0.2111791118305493,1.3862189578741468,-0.7321197883506261,3.6493507420001237,-2.0111978928930725,0.11903513860798384
0.21916666666666668,0.20904856269304403,1.3816945039484683,-0.7177495151085249,3.6495359777709244,-2.010574926478169,0.13009038902386072
0.22,0.20692095798487936,1.3771686642472638,-0.7033752966186164,3.6497103576459473,-2.0098968565728588,0.14107123801329402
0.22083333333333335,0.2047965471375449,1.3726413244581057,-0.6889960691944882,3.6498745106965393,-2.009164057922334,0.15197677121102215
0.22166666666666668,0.20267557704029035,1.3681123721296529,-0.6746107676292518,3.6500290438418834,-2.0083769131246445,0.1628060668545193
0.2225,0.2005582944866035,1.3635816948223853,-0.6602183259892123,3.650174562818653,-2.007535805055297,0.17355820287630527
0.22333333333333336,0.19844494641000443,1.359049180070106,-0.645817679513903,3.650311675434852,-2.0066411161513815,0.18423225780927172
0.22416666666666668,0.19633577642717864,1.3545147189802513,-0.6314077757255561,3.650440969458245,-2.00569323930524,0.19482730185735464
0.225,0.194231024362825,1.3499782062482895,-0.6169875694113321,3.6505630048370947,-2.0046925793502535,0.2053423947059433
0.22583333333333336,0.19213092993902278,1.3454395366590832,-0.6025560154500149,3.650678340690774,-2.0036395414427695,0.21577659574033656
0.22666666666666668,0.19003573287785147,1.3408986049974956,-0.5881120687203895,3.650787536138655,-2.002534530739134,0.22612896434583218
0.2275,0.18794567290139028,1.3363553060483884,-0.5736546841012395,3.650891150300111,-2.001377952395693,0.236398559907729
0.22833333333333336,0.18586098836028062,1.3318095357383732,-0.5591828188149146,3.650989733732952,-2.000170215633182,0.24658443895289744
0.22916666666666669,0.18378191171485017,1.3272611967429655,-0.544695459221616,3.6510838079940227,-1.99891174799869,0.2566856451766729
0.23,0.18170867384442393,1.3227101940492207,-0.5301916046716058,3.651173888962277,-1.9976029821939905,0.26670121867999724
0.23083333333333333,0.17964150562830783,1.3181564326445288,-0.5156702545184618,3.6512604925178893,-1.996244350921064,0.2766301995636766
0.2316666666666667,0.17758063794580772,1.3135998175162789,-0.5011304081157614,3.651344134541032,-1.9948362868818912,0.28647162792851777
0.2325,0.17552630166179503,1.3090402536375847,-0.4865710645555983,3.6514253306814766,-1.9933792228106417,0.2962245438419479
0.23333333333333334,0.17347872495640868,1.3044776482229041,-0.4719912291591818,3.6515045820067984,-1.9918735991776937,0.30588798274383294
0.2341666666666667,0.17143813019611615,1.2999119156925383,-0.45738994709271713,3.6515823715886238,-1.9903198740461698,0.315460970812533
0.23500000000000001,0.1694047389875005,1.2953429717572797,-0.44276627263671214,3.651659182159287,-1.9887185079032252,0.3249425331284031
0.23583333333333334,0.1673787729371446,1.2907707321279207,-0.4281192600716733,3.6517354964511237,-1.987069961236015,0.33433169477179925
0.2366666666666667,0.1653604536516313,1.2861951125152538,-0.4134479636781068,3.6518117971964688,-1.9853746945316941,0.3436274808230775
0.23750000000000002,0.1633500025883815,1.2816160287518865,-0.39875143814691577,3.651888566344961,-1.9836331686927635,0.35282891614226475
0.23833333333333334,0.16134763679105898,1.2770334016188916,-0.38402876705190864,3.6519662745702184,-1.9818458571664086,0.36193502097509206
0.2391666666666667,0.15935356826454333,1.272447158282932,-0.36927907611180744,3.652045386184774,-1.9800132478603711,0.37094481134353474
0.24000000000000002,0.1573680087388957,1.2678572263223744,-0.354501494133975,3.652126365715115,-1.9781358294830917,0.3798573031291232
0.24083333333333334,0.15539116994417695,1.2632635333155844,-0.33969514992577277,3.6522096776877264,-1.9762140907430115,0.3886715122133886
0.24166666666666667,0.1534232636104481,1.258666006840928,-0.3248591722945624,3.6522957866290944,-1.9742485203485705,0.39738645447786203
0.24250000000000002,0.15146450089725289,1.2540645750665058,-0.3099926936565611,3.652385155738647,-1.9722396085506222,0.4060011454147472
0.24333333333333335,0.14951508676712688,1.249459173355983,-0.29509489770273223,3.6524782441908994,-1.9701878621955902,0.41451459887888364
0.24416666666666667,0.14757522238535456,1.2448497418278988,-0.280165004828956,3.6525755132423385,-1.968093798229647,0.4229258288562988
0.24500000000000002,0.1456451088625701,1.2402362206823687,-0.26520223616031324,3.6526774243523117,-1.9659579337416881,0.43123384937803383
0.24583333333333335,0.1437249473094078,1.2356185501195083,-0.2502058128218861,3.652784438980165,-1.9637807858206096,0.43943767447512894
0.24666666666666667,0.14181493883650179,1.2309966703394328,-0.23517495593875543,3.6528970185852447,-1.9615628715553064,0.4475363181786254
0.24750000000000003,0.1399152818564367,1.2263705245621623,-0.22010891126855492,3.6530156262203985,-1.959304714738072,0.4555287957186
0.24833333333333335,0.13802616822939912,1.2217400634856028,-0.20500698620058583,3.653140730433668,-1.9570068554556728,0.46341412555424233
0.24916666666666668,0.13614778974471506,1.2171052379726286,-0.18986848984883176,3.6532728007827897,-1.9546698339797501,0.4711913263651098
0.25,0.13428033852945184,1.2124659988163151,-0.17469273467210067,3.6534123103376874,-1.952294189316339,0.47885941265788934
0.25083333333333335,0.13242400233339724,1.2078223007280575,-0.1594878362438546,3.6535665830627835,-1.9498804720739649,0.4864174328828371
0.2516666666666667,0.13057896745876202,1.2031741009225967,-0.1442619649965854,3.653742973429675,-1.947429234471387,0.4938644968949556
0.2525,0.12874541814118912,1.1985213585692822,-0.12901445129494302,3.653941922024417,-1.944941033479869,0.5011997382869554
0.25333333333333335,0.12692353643291662,1.1938640351858987,-0.11374463015374801,3.654163860325811,-1.9424164304338778,0.5084222929868818
0.2541666666666667,0.1251135021879864,1.189202094626335,-0.09845183019769968,3.654409202205337,-1.939855990989992,0.5155312993741917
0.255,0.12331549340998113,1.1845355026675246,-0.0831353755952903,3.654678347722353,-1.9372602843407076,0.5225258980336233
0.25583333333333336,0.12152968477212307,1.1798642285200853,-0.06779458304363316,3.654971672674862,-1.9346298859802138,0.5294052336086452
0.2566666666666667,0.1197562487968877,1.1751882436731655,-0.05242876315705961,3.6552895358210495,-1.9319653756134176,0.5361684531638984
0.2575,0.11799535785601536,1.1705075197365056,-0.03703722688088264,3.655632295546576,-1.929267333153976,0.5428147040652597
0.25833333333333336,0.1162471805009813,1.1658220319477999,-0.02161928252221955,3.656000288835377,-1.9265363450649884,0.5493431393866104
0.25916666666666666,0.11451188096335621,1.1611317600057731,-0.006174228465440287,3.6563938209413585,-1.9237730060071179,0.555752917449468
0.26,0.112789623246224,1.156436683866369,0.00929863785147824,3.6568131949817095,-1.9209779111222625,0.5620431967805585
0.26083333333333336,0.1110805696561513,1.1517367847932114,0.024800015001065726,3.6572587100917273,-1.918151657841345,0.5682131394082642
0.26166666666666666,0.10938487739873326,1.1470320488927923,0.04033060561424348,3.6577306361878685,-1.915294852377174,0.5742619149439915
0.2625,0.10770270275585597,1.1423224632718698,0.05589111522952771,3.6582292355614134,-1.9124081027898863,0.5801886939736783
0.26333333333333336,0.10603420102387306,1.1376080157808084,0.07148224726713573,3.658754767874523,-1.9094920184732587,0.5859926492008402
0.26416666666666666,0.10437952188199519,1.1328886991211893,0.08710470239350133,3.659307468105692,-1.9065472175853937,0.5916729633195887
0.265,0.10273881303954446,1.1281645079385363,0.10275918399879998,3.659887558737509,-1.9035743218184256,0.597228821704722
0.26583333333333337,0.10111222193415331,1.1234354370535244,0.118446394527263,3.6604952618712825,-1.9005739531823087,0.6026594104117619
0.26666666666666666,0.09949989134010122,1.1187014849056238,0.13416702866220062,3.661130784546208,-1.897546740242353,0.6079639251421189
0.2675,0.09790196012526314,1.1139626533922817,0.14992178054513478,3.661794315172747,-1.8944933178256473,0.61314156825514
0.26833333333333337,0.09631856705636392,1.1092189445306546,0.16571134473312693,3.6624860412421762,-1.8914143209764962,0.6181915421818979
0.26916666666666667,0.09474984871570227,1.1044703618379434,0.18153640994609951,3.6632061451853386,-1.8883103874953158,0.6231130545169185
0.27,0.09319593440318279,1.0997169144136274,0.19739765248611446,3.66395478592588,-1.885182165342991,0.6279053281409286
0.27083333333333337,0.09165695208968512,1.0949586124317674,0.213295747065047,3.6647321174602476,-1.8820303044280142,0.6325675885393011
0.27166666666666667,0.09013302974608896,1.0901954660664246,0.22923136839477248,3.6655382937848913,-1.8788554546588772,0.6370990611974084
0.2725,0.08862429358379349,1.0854274868234153,0.24520518847531103,3.666373462619912,-1.8756582684072551,0.6414989753562909
0.2733333333333334,0.08713086134750765,1.080654692013113,0.2612178570622328,3.6672377512491967,-1.872439408750087,0.6457665803274922
0.27416666666666667,0.08565284824933427,1.0758771005257237,0.2772700148750116,3.668131283373762,-1.8691995416691936,0.6499011319438268
0.275,0.0841903695010512,1.0710947312514716,0.2933623026291848,3.6690541826971184,-1.865939333146419,0.6539018860395498
0.2758333333333334,0.08274353963429554,1.0663076036100056,0.3094953602885737,3.6700065700807194,-1.8626594501491363,0.6577680998533327
0.27666666666666667,0.08131246554079787,1.0615157420184356,0.3256698060607931,3.6709885483052846,-1.8593605689950938,0.6614990495534494
0.2775,0.07989724933682586,1.0567191736361812,0.3418862392061632,3.6720002144114487,-1.856043371155704,0.6650940244075859
0.2783333333333334,0.07849799306727902,1.051917925650536,0.3581452585180123,3.6730416655452207,-1.8527085381556527,0.668552313922749
0.2791666666666667,0.07711479858035797,1.047112025379597,0.37444746227886333,3.674112998309141,-1.8493567517657026,0.6718732080848996
0.28,0.07574776160611854,1.042301503665077,0.3907934260275868,3.6752142990868375,-1.845988700481716,0.675056013621307
0.2808333333333333,0.07439697072416886,1.037486395179943,0.40718369511245384,3.676345645838605,-1.8426050801702818,0.6781000577960795
0.2816666666666667,0.07306251410961045,1.032666734789536,0.4236188128673498,3.677507116347095,-1.8392065870734264,0.6810046691175433
0.28250000000000003,0.07174447992173524,1.0278425573711532,0.44009932259963025,3.678698788335344,-1.835793917455127,0.6837691761280387
0.2833333333333333,0.07044295233920927,1.0230138998662932,0.4566257503929506,3.6799207343251523,-1.8323677715980584,0.6863929190489838
0.2841666666666667,0.06915800635326602,1.0181808035929278,0.4731985782549882,3.681173018855229,-1.82892885844195,0.6888752663345166
0.28500000000000003,0.06788971566477411,1.0133433104258411,0.48981828135795374,3.682455705943119,-1.8254778880501583,0.6912155905945658
0.28583333333333333,0.06663815397460217,1.008501462239817,0.506485334874058,3.6837688596063654,-1.8220155704860392,0.6934132644390608
0.2866666666666667,0.0654033929356417,1.0036553018646994,0.523200204012502,3.6851125417606614,-1.818542617717677,0.6954676668425798
0.28750000000000003,0.06418549423128389,0.9988048763105478,0.5399633005205915,3.6864868082437883,-1.8150597502536867,0.6973782093369655
0.28833333333333333,0.0629845165194022,0.9939502337254448,0.5567750185395927,3.6878917142055263,-1.811567690990838,0.6991443137727711
0.2891666666666667,0.061800518457242534,0.9890914222574182,0.573635752204059,3.6893273147980783,-1.8080671628259437,0.7007654020036623
0.29000000000000004,0.06063356016806179,0.9842284896809745,0.5905459059480203,3.690793664277692,-1.8045588877658578,0.7022408902917561
0.29083333333333333,0.059483694529869534,0.9793614864766246,0.6075058419190942,3.6922908128663003,-1.8010435935121387,0.7035702197238743
0.2916666666666667,0.058350959631209016,0.9744904678043851,0.624515827490627,3.6938188108571577,-1.7975220181182214,0.7047528848184629
0.29250000000000004,0.05723539294178074,0.9696154890101517,0.6415761259708073,3.6953777086442074,-1.793994900055733,0.7057883823621719
0.29333333333333333,0.056137031931285206,0.9647366054398198,0.6586870006678236,3.696967556621391,-1.7904629777963001,0.7066762091416511
0.2941666666666667,0.0550559140694227,0.9598538724392838,0.6758487148898682,3.6985884051826514,-1.786926989811549,0.7074158619435506
0.29500000000000004,0.05399207682589372,0.9549673453544393,0.6930615319451295,3.7002403047219308,-1.7833876745731065,0.7080068375545204
0.29583333333333334,0.0529455560418212,0.95007707999316,0.7103257040992411,3.701923305321053,-1.7798457716061025,0.7084486388435989
0.2966666666666667,0.05191637038339052,0.9451831368515806,0.7276413653141618,3.703637454861221,-1.7763020312674827,0.7087408334431119
0.29750000000000004,0.05090453537228428,0.9402855770108064,0.7450086251407504,3.7053828024439017,-1.7727572054831513,0.7088830017630193
0.29833333333333334,0.049910067734583334,0.9353844611854392,0.7624276010461749,3.707159397548938,-1.769212045362252,0.7088747197987744
0.2991666666666667,0.04893298279342137,0.9304798503764065,0.779898396899774,3.7089672914255973,-1.7656673031183006,0.7087155661705927
0.30000000000000004,0.047973286407002894,0.9255718074840913,0.7974208012491861,3.710806721801869,-1.7621237347592942,0.7084051669648895
0.30083333333333334,0.04703099042163575,0.9206603941825569,0.8149888807085269,3.712682224996453,-1.7585820986897935,0.7079430956760767
0.3016666666666667,0.04610608181742967,0.9157456768648168,0.8325960196630753,3.714598739117363,-1.7550431520630274,0.7073291718892009
0.30250000000000005,0.04519856332164116,0.9108277186661274,0.8502421735012398,3.716556343642541,-1.7515076561760903,0.7065630687199556
0.30333333333333334,0.04430842769672888,0.9059065845276916,0.867927321336234,3.718555054432323,-1.7479763726903332,0.7056445317250214
0.3041666666666667,0.04343566435524243,0.9009823397205226,0.8856514303088017,3.7205948751294637,-1.744450064148476,0.704573320366084
0.305,0.04258025625953878,0.896055050363686,0.9034144473828115,3.722675785330588,-1.7409294951231136,0.703349220558797
0.30583333333333335,0.041742185030602605,0.8911247826915389,0.9212163144438238,3.724797759752972,-1.737415430508759,0.7019720238196845
0.3066666666666667,0.040921426371817435,0.8861916033184893,0.9390569492391678,3.7269607519036554,-1.733908636419311,0.7004415465669621
0.3075,0.04011795256948831,0.881255579281652,0.9569362584481503,3.7291647026019903,-1.7304098800008383,0.6987576192767765
0.30833333333333335,0.03933173280709576,0.8763167776430043,0.9748541336198037,3.7314095417278286,-1.7269199287569088,0.6969200858037393
0.3091666666666667,0.03856272990116816,0.8713752658553428,0.9928104400679393,3.7336951762202277,-1.7234395514735676,0.694928816860881
0.31,0.03781090525657879,0.8664311114325454,1.010805036879279,3.7360215079228167,-1.719969517175766,0.692783689174705
0.31083333333333335,0.03707621414847815,0.8614843818958041,1.0288377524280548,3.738388416915205,-1.7165105955074156,0.6904846060387505
0.3116666666666667,0.03635860853079678,0.8565351449601369,1.046908401243276,3.740795771306379,-1.713063556763637,0.6880314847798319
0.3125,0.03565804218047334,0.8515834681324498,1.0650168036988512,3.7432434455270442,-1.7096291706890432,0.6854242353128185
0.31333333333333335,0.03497445405305248,0.8466294187148775,1.0831627023472097,3.745731261210888,-1.7062082081283918,0.6826628323216151
0.3141666666666667,0.0343077780897357,0.8416730640263962,1.1013458147839739,3.7482590221874332,-1.7028014404515142,0.6797472721995258
0.315,0.03365794823172451,0.8367144713859817,1.119565858604766,3.7508265322862027,-1.6994096390282414,0.6766775513398547
0.31583333333333335,0.03302489842022027,0.8317537081126088,1.1378225514052116,3.75343359533672,-1.6960335752284041,0.6734536661359056
0.3166666666666667,0.032408562595934984,0.8267908415265128,1.1561156107953947,3.756080015163944,-1.6926740204238235,0.670075612981226
0.3175,0.03180886980811409,0.8218259388622393,1.1744447272465284,3.7587655769373236,-1.6893317462070674,0.6665434100668756
0.31833333333333336,0.03122573226522841,0.8168590655003498,1.1928094766699184,3.7614900049149003,-1.6860075225104012,0.6628571530132329
0.3191666666666667,0.03065905855610949,0.8118902860984443,1.2112094059574858,3.7642530109533223,-1.68270211840548,0.659016954578774
0.32,0.03010875726958888,0.806919665314123,1.2296440620011513,3.767054306909239,-1.6794163029639586,0.655022927521975
0.32083333333333336,0.029574736994498006,0.8019472678049848,1.2481129916928395,3.769893604639298,-1.676150845257491,0.6508751846013111
0.3216666666666667,0.029056906319668417,0.79697315822863,1.2666157419244712,3.7727706160001495,-1.6729065143577322,0.6465738385752585
0.3225,0.0285551706988562,0.7919974013891754,1.2851518440718444,3.7756850397942037,-1.669684079702141,0.6421190161493788
0.32333333333333336,0.02806941906682141,0.787020059783506,1.3037207047126547,3.778636510638213,-1.6664843077712537,0.6375109226351372
0.3241666666666667,0.027599534943496675,0.7820411942397404,1.322321676761817,3.7816246434718708,-1.6633079626289589,0.6327497906269962
0.325,0.027145401845803732,0.7770608655809378,1.3409541130466616,3.7846490532300954,-1.6601558083312482,0.6278358527414548
0.32583333333333336,0.026706903290664226,0.7720791346301566,1.359617366394521,3.7877093548478085,-1.657028608934113,0.6227693415950105
0.32666666666666666,0.026283922794999925,0.7670960622104565,1.3783107896327247,3.790805163259929,-1.6539271284935457,0.6175504898041628
0.3275,0.02587634192014117,0.7621117089852801,1.3970337215589352,3.793936085296398,-1.650852130807545,0.612179539316851
0.32833333333333337,0.02548402679247077,0.7571261325076966,1.4157853631751616,3.7971016638340083,-1.6478043746022655,0.6066568094335949
0.32916666666666666,0.0251068362174418,0.7521393881218459,1.4345648393966115,3.8003014114228546,-1.6447846149947967,0.6009826576115815
0.33,0.024744628956446243,0.7471515311411148,1.4533712744252518,3.803534840430674,-1.6417936070518686,0.5951574415725677
0.33083333333333337,0.024397263770876147,0.7421626168788904,1.4722037924630458,3.806801463225201,-1.6388321058402118,0.5891815190383115
0.33166666666666667,0.024064599422123554,0.7371727006485602,1.4910615177119564,3.8101007921741727,-1.635900866426557,0.5830552477305709
0.3325,0.023746493581880593,0.7321818376230813,1.509943565300694,3.8134323349092574,-1.6330006435884263,0.5767789908361213
0.33333333333333337,0.023442790272021726,0.7271900795442638,1.528848909563721,3.8167955375081983,-1.6301321855213173,0.5703531840052356
0.33416666666666667,0.02315332421817363,0.7221974750053007,1.5477764157700369,3.8201898030450905,-1.6272962345012192,0.5637783141853487
0.335,0.022877929967450243,0.7172040724994321,1.5667249464533133,3.8236145337156056,-1.6244935326205592,0.5570548694035817
0.3358333333333334,0.022616442066965548,0.7122099205198986,1.5856933641472175,3.8270691317154135,-1.6217248219717653,0.550183337687057
0.33666666666666667,0.022368695063833537,0.7072150675599416,1.6046805313854167,3.8305529992401848,-1.6189908446472656,0.5431642070628969
0.3375,0.022134522975532582,0.7022195620363932,1.6236853059082774,3.8340655361323863,-1.6162923425571665,0.5359979683038875
0.3383333333333334,0.02191374835906935,0.6972234490394522,1.6427064106533988,3.8376060859095515,-1.613630050267801,0.5286851768558548
0.33916666666666667,0.021706182698836764,0.6922267695061839,1.661742420873392,3.8411739346369504,-1.6110046933428934,0.5212264536015949
0.34,0.02151163702718727,0.6872295641318413,1.6807919044493287,3.8447683658009373,-1.60841699683187,0.513622422322571
0.3408333333333334,0.021329922376473354,0.6822318736116786,1.6998534292622771,3.848388662887866,-1.605867685784157,0.5058737068002479
0.3416666666666667,0.021160849779047496,0.6772337386409499,1.7189255631933056,3.85203410938409,-1.6033574852491808,0.49798093081609024
0.3425,0.021004230278571002,0.6722351999835788,1.7380068755753597,3.8557039891249176,-1.6008871204247275,0.48994471785798055
0.3433333333333334,0.020859867439325247,0.6672362962182555,1.75709583942964,3.8593975463309174,-1.5984573107392528,0.48176573617836693
0.3441666666666667,0.020727549741968845,0.6622370597731577,1.7761906987036118,3.863113937621707,-1.5960687602616166,0.4734447503316102
0.34500000000000003,0.020607064048477054,0.6572375222869883,1.7952896701753203,3.866852309643719,-1.5937221711358724,0.4649825356539253
0.3458333333333334,0.020498197220825156,0.6522377153984512,1.8143909706228072,3.870611809043383,-1.591418245506075,0.45637986748152876
0.3466666666666667,0.02040073612098844,0.6472376707462506,1.8334928168241145,3.874391582467131,-1.589157685516278,0.4476375211506374
0.34750000000000003,0.02031446761094216,0.6422374199690892,1.8525934255572876,3.878190776561394,-1.5869411933105355,0.438756271997466
0.34833333333333333,0.020239177186988443,0.6372369941875308,1.8716909916646824,3.8820085295121682,-1.5847694694972494,0.4297369045485887
0.3491666666666667,0.020174635161821008,0.6322364188582776,1.8907834638284615,3.885843884434556,-1.5826431973284887,0.4205803064896491
0.35000000000000003,0.020120613806277502,0.6272357187871085,1.9098687951162725,3.889695900346298,-1.5805630721598996,0.4112873335634702
0.35083333333333333,0.020076874911644425,0.6222349181778783,1.9289657623399754,3.893577718418817,-1.578529746530756,0.40185893586960664
0.3516666666666667,0.020043185371769228,0.6172340395166842,1.9480931152128727,3.8975025034466295,-1.5765439088472604,0.39229583524459294
0.35250000000000004,0.020019306925230167,0.612233104448749,1.9672485490243632,3.9014691757104485,-1.574606231700647,0.38259877328923525
0.35333333333333333,0.020004996888449957,0.6072321328050566,1.986429592562039,3.9054765676015433,-1.5727173828290275,0.37276852425808654
0.3541666666666667,0.020000009371173907,0.6022311430954331,2.005633646710313,3.909523443654242,-1.5708780262003572,0.36280588721888746
0.35500000000000004,0.02000423124106015,0.597230152871708,-5.454030076484666,3.913592848375312,-1.5690036765217907,0.388384194416285
0.35583333333333333,0.02001816648798041,0.5922291803926464,-5.453911742338077,3.9176653622645476,-1.5669932882424191,0.4156047909530683
0.3566666666666667,0.0200424958840283,0.5872282475336862,-5.45377841916723,3.9217404842987045,-1.5648468720246553,0.44278374187366526
0.35750000000000004,0.020077899654728747,0.5822273783543683,-5.453632668887715,3.925817716844051,-1.5625646360391385,0.469918091544683
0.35833333333333334,0.020125055080133403,0.5772266079060688,-5.45347683724065,3.929896431156683,-1.5601468237148337,0.4970048448991757
0.3591666666666667,0.02018463872814503,0.572225973899248,-5.4533132179988915,3.9339759670016052,-1.5575936869583369,0.5240409972866401
0.36000000000000004,0.020257327166666395,0.5672255140443669,-5.453144104935293,3.9380556641438207,-1.5549054776762434,0.5510235440565675
0.36083333333333334,0.02034379636380483,0.5622252681498364,-5.452971749382265,3.9421348369436613,-1.5520824547853231,0.5779494734155499
0.3616666666666667,0.020444717692644172,0.557225291863762,-5.452798144417258,3.946212653573247,-1.5491249208498143,0.6048157122829388
0.36250000000000004,0.020560760462572988,0.5522256478825324,-5.452625185979317,3.950288230199402,-1.546033195202407,0.6316191582027707
0.36333333333333334,0.020692593975041567,0.5472263989289583,-5.452454769832226,3.9543606829325864,-1.5428075972104578,0.6583567085866099
0.3641666666666667,0.020840887453469358,0.542227607945254,-5.452288786230456,3.958429124624448,-1.5394484471754866,0.6850252603262388
0.36500000000000005,0.02100630631020837,0.5372293494944732,-5.452128954037983,3.9624925790323458,-1.535956095802583,0.7116216658037816
0.36583333333333334,0.021189510688778335,0.5322317145421127,-5.451976791496482,3.9665499727958595,-1.5323309301697237,0.7381427087552214
0.3666666666666667,0.021391160358124807,0.5272347952462728,-5.451833805446914,3.9706002277030614,-1.5285733394947683,0.7645851674760623
0.36750000000000005,0.021611915087237938,0.5222386837649083,-5.451701502729938,3.9746422655413434,-1.5246837129955675,0.7909458202626908
0.36833333333333335,0.02185243276548309,0.5172434772931751,-5.451581324015553,3.9786749772627066,-1.5206624522975793,0.817221426455773
0.3691666666666667,0.02211336303496449,0.512249295697367,-5.45147445891112,3.9826971480719844,-1.516510007511272,0.8434086530673057
0.37000000000000005,0.02239535331158917,0.5072562650829234,-5.45138203749708,3.986707540831191,-1.5122268405847432,0.8695041402651786
0.37083333333333335,0.02269905101126416,0.5022645115552835,-5.451305189853875,3.990704918402342,-1.5078134134660903,0.8955045282172819
0.3716666666666667,0.023025103112538258,0.49727416226303217,-5.451245033272564,3.994688038222113,-1.503270190618152,0.9214064533287093
0.3725,0.02337414858018491,0.49228536378084337,-5.451202491108047,3.9986555899803577,-1.4985976767186986,0.9472064758253897
0.37333333333333335,0.023746819428884614,0.4872982796671135,-5.451178336124124,4.002606218406742,-1.4937964087682638,0.9729010867143363
0.3741666666666667,0.024143747447295364,0.4823130740399062,-5.451173337137003,4.006538567513029,-1.4888669246807305,0.9984867745814916
0.375,0.02456556441846498,0.47732991102999023,-5.4511882626502075,4.0104512811182875,-1.4838097624228537,1.02396002798685
0.37583333333333335,0.025012897467624026,0.47234896477985994,-5.45122378957342,4.014342977554417,-1.4786254803661685,1.049317298215543
0.3766666666666667,0.02548636110839508,0.46737043644499204,-5.451280376559325,4.018212229955346,-1.4733146879715993,1.0745549328414774
0.3775,0.025986567761274573,0.46239453165002836,-5.451358450461865,4.02205760749595,-1.4678780025605587,1.0996692618114816
0.37833333333333335,0.026514129846759042,0.4574214560196099,-5.451458438134981,4.025877679351101,-1.4623160414544587,1.12465661507239
0.3791666666666667,0.02706965993379095,0.45245141512694625,-5.451580761333288,4.029671009518595,-1.4566294224295073,1.149513322696899
0.38,0.02765375681229239,0.44748464047063236,-5.451725650065689,4.0334361409865975,-1.4508188124763648,1.1742356224962096
0.38083333333333336,0.028267005687041914,0.4425213882556735,-5.451893172152209,4.037171616284451,-1.4448849234153192,1.1988196645723237
0.3816666666666667,0.028909991451397818,0.43756191523974414,-5.45208339212542,4.040875978255637,-1.4388284680351338,1.223261597068786
0.3825,0.029583298998718383,0.4326064781805187,-5.452296374517896,4.044547769743634,-1.4326501591245726,1.2475575681291422
0.38333333333333336,0.03028751322329097,0.4276553338354545,-5.452532183855042,4.048185533580925,-1.4263507094719,1.2717037258941764
0.3841666666666667,0.031023213770079893,0.42270874918384405,-5.452790809658631,4.051787803356333,-1.4199308508507098,1.2956961809529788
0.385,0.031790954284931644,0.4177670315042225,-5.453072002521513,4.055353148814858,-1.4133913905046538,1.3195309189360631
0.38583333333333336,0.03259128086812022,0.41283049797145943,-5.453375466788732,4.058880164471341,-1.406733154346595,1.3432038998412985
0.3866666666666667,0.033424739619919486,0.40789946576042535,-5.453700906805329,4.062367444840617,-1.3999569682893975,1.3667110836665484
0.3875,0.034291876640603285,0.40297425204599063,-5.454048026916346,4.065813584437527,-1.393063658245925,1.3900484304096772
0.38833333333333336,0.03519323799959406,0.398055174295543,-5.454416528766614,4.069217176531636,-1.3860540505630337,1.4132118983990065
0.3891666666666667,0.036129355919502955,0.39314257181742407,-5.454805989737292,4.072576835059997,-1.3789290112599595,1.4361973760067985
0.39,0.03710073284165657,0.3882368205015587,-5.455215823231631,4.075891273447562,-1.3716894769523305,1.4590006656599994
0.39083333333333337,0.038107867543775424,0.38333829972661954,-5.455645432531846,4.079159222713864,-1.3643363915069253,1.4816175654909396
0.3916666666666667,0.03915125880357984,0.37844738887128004,-5.456094220920147,4.082379413878435,-1.3568706987905235,1.504043873631946
0.3925,0.04023140539879016,0.37356446731421383,-5.456561591678746,4.085550577960808,-1.3492933426699052,1.5262753882153446
0.39333333333333337,0.04134880492629103,0.3686899165501053,-5.457046935402674,4.0886714470525245,-1.3416052707181936,1.5483078998135689
0.39416666666666667,0.04250392727348229,0.36382415087463454,-5.457549505218287,4.091740851045987,-1.3338074939618758,1.5701371256638712
0.395,0.04369721542458568,0.35896761041455705,-5.458068477980933,4.094757740717793,-1.3259010766395056,1.5917587489463194
0.39583333333333337,0.04492911131743074,0.354120735994431,-5.458603030497467,4.0977210728691285,-1.317887084631025,1.613168453411312
0.39666666666666667,0.04620005688984703,0.3492839684388147,-5.459152339574746,4.10062980430118,-1.3097665838163761,1.634361922809247
0.3975,0.047510494079664345,0.34445774857226547,-5.4597155820196255,4.103482891815134,-1.301540640075499,1.6553348408905268
0.3983333333333334,0.04886085854072564,0.33964253346089196,-5.460291895437578,4.106279345885454,-1.2932103266586576,1.676082826244125
0.39916666666666667,0.05025152824012079,0.3348388036471751,-5.460880329324456,4.10901835872655,-1.2847768446841155,1.6966016025961845
0.4,0.051682904372124756,0.33004704673185997,-5.461480360168333,4.111699291700998,-1.2762413319311996,1.716886760132032
0.4008333333333334,0.053155369780334596,0.325267756162172,-5.462122081342182,4.114335824795076,-1.2676049657115591,1.7369339770991752
0.40166666666666667,0.054669293338441574,0.3205014363340566,-5.462836920058755,4.116942335947555,-1.2588689471363377,1.7567390960213773
0.4025,0.056225031560900425,0.31574860093131873,-5.463623677844937,4.119518086502355,-1.2500344972250648,1.7762980000633164
0.4033333333333334,0.05782292786528392,0.3110097730732453,-5.4644810964015065,4.12206238093789,-1.2411028576448875,1.795606566375211
0.4041666666666667,0.059463313826299116,0.3062854841355678,-5.465407816566471,4.124574540474044,-1.2320752884476476,1.8146606687123832
0.405,0.06114650968200765,0.3015762729124124,-5.466402389199116,4.12705390438006,-1.222953066798687,1.8334561799793587
0.4058333333333334,0.06287280651931208,0.29688269642064086,-5.467463146178633,4.1294998627051225,-1.2137375129741248,1.8519889749210878
0.4066666666666667,0.06464249151836218,0.2922053141210566,-5.468588390035183,4.131911812317977,-1.2044299530283527,1.8702549285153307
0.40750000000000003,0.06645585139368017,0.2875446858154313,-5.4697764189674025,4.134289150557628,-1.1950317137637883,1.8882499155538939
0.4083333333333334,0.06831314931440023,0.2829013844449584,-5.471025373272977,4.136631320464932,-1.1855441553823325,1.9059698205720714
0.4091666666666667,0.07021461439606622,0.2782759998776589,-5.472333195823567,4.138937842276548,-1.1759686841508987,1.923410551889469
0.41000000000000003,0.07216047310174922,0.273669123091828,-5.4736978172152195,4.14120824335446,-1.166306709699854,1.9405680206498923
0.4108333333333334,0.07415095163521714,0.2690813452626918,-5.47511716541235,4.143442051171284,-1.156559642090698,1.9574381378864452
0.4116666666666667,0.0761862541888163,0.26451326785230167,-5.476589043053845,4.145638839846698,-1.1467289209130203,1.9740168346201457
0.41250000000000003,0.07826654679879314,0.2599655072593712,-5.4781110796869825,4.147798281136802,-1.1368160337593327,1.9903000897515444
0.4133333333333334,0.08039199171873791,0.2554386810384424,-5.479680892655142,4.1499200583597435,-1.1268224726237375,2.0062838884127507
0.4141666666666667,0.08256275105434956,0.25093340683688053,-5.481296098059117,4.152003854976518,-1.1167497297276927,2.0219642157682145
0.41500000000000004,0.08477896613963322,0.24645030953325567,-5.4829542227197,4.154049404867425,-1.106599322997498,2.037337088933311
0.41583333333333333,0.08704073655486338,0.24199002603308115,-5.484652650826219,4.156056556378228,-1.0963728193384836,2.0523986010917215
0.4166666666666667,0.08934815689633573,0.23755319435246455,-5.486388754314488,4.158025173217269,-1.086071791153786,2.067144856041417
0.41750000000000004,0.09170132169354502,0.23314045254897464,-5.488159904574494,4.159955119161772,-1.0756978109481805,2.081571957596543
0.41833333333333333,0.09410030646443492,0.22875244329331135,-5.489963413405807,4.161846307594235,-1.0652524730806026,2.0956760498061615
0.4191666666666667,0.0965451418784534,0.22438981745204364,-5.491796487828452,4.1636987801316625,-1.0547374208205742,2.1094533849538357
0.42000000000000004,0.09903585215629708,0.22005322667238092,-5.49365632509697,4.165512598490639,-1.04415430407897,2.122900232858602
0.42083333333333334,0.10157246149783457,0.2157433226181041,-5.495540122255277,4.167287824400862,-1.0335047728014721,2.136012863324575
0.4216666666666667,0.10415497718606698,0.211460759349062,-5.4974450407384206,4.169024565323018,-1.0227904950584632,2.1487875915602483
0.42250000000000004,0.10678335935667727,0.20720619456282446,-5.499368179962909,4.170723065809582,-1.012013186645585,2.1612208751226283
0.42333333333333334,0.10945756001132531,0.20298028606968765,-5.501306634949631,4.172383595697112,-1.0011745711199933,2.1733091988041333
0.4241666666666667,0.11217753120446242,0.19878369169028787,-5.503257500644589,4.174006424656925,-0.9902763719964309,2.185049047156118
0.42500000000000004,0.11494321861118537,0.19461707062450828,-5.50521785295612,4.17559183812684,-0.9793203200503495,2.1964369193550772
0.42583333333333334,0.11775450882655085,0.190481079534197,-5.507184755072799,4.177140292029882,-0.9683082008608225,2.2074695345106026
0.4266666666666667,0.12061126884287304,0.18637637317040937,-5.5091552773807155,4.178652300563903,-0.9572418173225772,2.2181436906029224
0.42750000000000005,0.12351336565246554,0.18230360628420167,-5.511126490265962,4.180128377926755,-0.9461229723303431,2.2284561856122638
0.42833333333333334,0.1264606662476419,0.17826343362663002,-5.51309546411463,4.181569038316287,-0.9349534687788501,2.238403817518853
0.4291666666666667,0.12945303205832873,0.17425651036597725,-5.515059262633901,4.182974812527669,-0.9237351151520602,2.247983401065254
0.43000000000000005,0.13249026789685264,0.17028348399637394,-5.517014981992977,4.184346388554091,-0.9124697690281656,2.2571919932721025
0.43083333333333335,0.1355721455412764,0.16634499203022368,-5.518959783678553,4.185684540687233,-0.9011593130301532,2.2660268256071716
0.4316666666666667,0.13869843635693707,0.16244167163938156,-5.52089083181201,4.186990044084413,-0.8898056299527507,2.2744851330152147
0.43250000000000005,0.14186891170917118,0.15857415999570343,-5.522805290514724,4.188263673902949,-0.8784106025906885,2.2825641504409817
0.43333333333333335,0.14508334232647171,0.15474309443553128,-5.5247003224964875,4.1895062077275345,-0.8669761144303713,2.290261113971791
0.4341666666666667,0.14834146369883713,0.1509491050330494,-5.526573136132184,4.190718521996014,-0.8555040775753421,2.2975734245383097
0.43500000000000005,0.15164295859819868,0.14719280000717996,-5.528421091246358,4.191901617216344,-0.8439964404563234,2.3044987979379132
0.43583333333333335,0.15498750550044646,0.14347478439382733,-5.530241570609958,4.193056500968818,-0.8324551536371165,2.3110349843335176
0.4366666666666667,0.15837478288147128,0.13979566322889517,-5.532031956993931,4.194184180833725,-0.8208821676815203,2.3171797338880396
0.43750000000000006,0.16180446921716327,0.1361560415482878,-5.533789633169226,4.1952856643913545,-0.809279433153336,2.322930796764395
0.43833333333333335,0.16527622952346527,0.13255652042522525,-5.535512009353385,4.196361995384846,-0.7976489107840252,2.3282859932570386
0.4391666666666667,0.16878967091610855,0.12899767035850315,-5.53719671682857,4.197414338821312,-0.7859925970413733,2.3332435294920977
0.44,0.17234438507720096,0.1254800493921142,-5.538841478579536,4.198443881117462,-0.7743124953725947,2.337801741219546
0.44083333333333335,0.1759399636906414,0.12200421555987384,-5.540444017668882,4.199451808658065,-0.762610609217218,2.3419589642466088
0.4416666666666667,0.17957599844032815,0.11857072689559822,-5.542002057159208,4.200439307827889,-0.7508889420147737,2.3457135343805096
0.4425,0.18325207804304772,0.11518014043258033,-5.5435133272504,4.201407573059501,-0.7391494993551276,2.349063803635902
0.44333333333333336,0.1869677485039758,0.11183298459744656,-5.544975768882925,4.2023578710548755,-0.7273943094579794,2.3520084460023982
0.4441666666666667,0.1907225242021555,0.10852975776992974,-5.546387546444623,4.203291494830641,-0.7156254121042448,2.3545464292170792
0.445,0.19451591880647906,0.10527095701192994,-5.547746834230799,4.20420973602112,-0.7038448469575299,2.356676731627797
0.44583333333333336,0.1983474459858396,0.10205707938534667,-5.5490518065367604,4.205113886260641,-0.6920546536814388,2.358398331582402
0.4466666666666667,0.20221661924874806,0.09888862195229323,-5.5503006376486,4.206005237868186,-0.6802568720870229,2.3597102079608807
0.4475,0.2061229306876351,0.09576606443949229,-5.551491631262402,4.206885110593688,-0.6684535514856825,2.3606115195287236
0.44833333333333336,0.21006583150101654,0.09268983852560585,-5.552623450632791,4.207754821483107,-0.6566467505599459,2.361101862217746
0.4491666666666667,0.21404476847582649,0.08966036787213787,-5.5536948191237245,4.208615676846925,-0.6448385273405454,2.361180896881584
0.45,0.21805918839899896,0.08667807614059232,-5.554704460099154,4.2094689829956256,-0.6330309398582135,2.3608482843738727
0.45083333333333336,0.22210853805746886,0.08374338699247254,-5.555651096923039,4.210316046239692,-0.6212260461436804,2.360103685548248
0.4516666666666667,0.22619225764977213,0.0808567178370446,-5.556533499959847,4.211158178759718,-0.6094259065867251,2.3589468222742753
0.4525,0.23030975155454694,0.07801843408934073,-5.557350830617687,4.211996648435893,-0.5976325836958856,2.3573778610445286
0.45333333333333337,0.2344604128318476,0.07522887576787758,-5.5581024413688995,4.2128326711861535,-0.5858481353159013,2.355397165078845
0.4541666666666667,0.23864363457694246,0.07248838273384976,-5.558787685870413,4.213667462089519,-0.5740746191654592,2.353005098467072
0.455,0.2428588098850998,0.06979729484845182,-5.559405917779159,4.2145022362250115,-0.5623140929632462,2.3502020252990574
0.45583333333333337,0.24710533114123967,0.0671559524002834,-5.559956487546448,4.215338214687074,-0.5505686153486284,2.3469883093315564
0.4566666666666667,0.2513825716623406,0.06456466422071755,-5.560438983237286,4.216176578979426,-0.538840243677895,2.343364574381614
0.4575,0.25568988421770983,0.06202367614912435,-5.560853468314907,4.217018331682863,-0.5271310163066095,2.339331906809528
0.45833333333333337,0.2600266205741867,0.05953322800672264,-5.561200051638696,4.217864452856402,-0.5154429688799876,2.3348914339949434
0.4591666666666667,0.2643921324986099,0.057093559614731754,-5.561478842068041,4.218715922559065,-0.5037781370432477,2.3300442833175077
0.46,0.26878577175781787,0.05470491079437106,-5.561689948462327,4.21957372084987,-0.4921385564416078,2.3247915821568674
0.4608333333333334,0.27320689000914056,0.052367521341837815,-5.561833479868928,4.220438828389302,-0.48052626281013266,2.3191344584128046
0.46166666666666667,0.27765482671683994,0.050081604806418184,-5.5619097441328265,4.221312173493982,-0.468943287252962,2.313074244479493
0.4625,0.2821289083279605,0.047847299990812095,-5.5619196155783595,4.222194390972042,-0.4573916267828809,2.3066127830034353
0.4633333333333334,0.28662846258661273,0.04566473253373193,-5.561864068351342,4.223086040054014,-0.4458732689519145,2.2997519945690956
0.46416666666666667,0.2911528172369072,0.043534028073890084,-5.56174407659759,4.2239876799704295,-0.43439020131208783,2.292493799760937
0.465,0.29570130002295536,0.0414553122499985,-5.561560614462918,4.2248998699518205,-0.42294441141542355,2.2848401191634213
0.4658333333333334,0.3002732386888677,0.03942871070076957,-5.56131465609314,4.22582316922872,-0.4115378868139469,2.276792873361013
0.4666666666666667,0.3048679571145711,0.03745433765621779,-5.5610072620350754,4.2267581072777505,-0.4001726117246175,2.2683540670832634
0.4675,0.30948477491758614,0.035532232502979995,-5.560640061836675,4.227704849483211,-0.38885052694014155,2.2595261859840807
0.4683333333333334,0.3141230176233041,0.0336624044628191,-5.560214915169149,4.228663353406511,-0.3775735479600548,2.250311883843005
0.4691666666666667,0.3187820108884258,0.03184486267435146,-5.5597336823499806,4.229633575114921,-0.36634359009665096,2.240713814515256
0.47000000000000003,0.323461080369653,0.03007961627619302,-5.559198223696655,4.230615470675709,-0.35516256866222123,2.2307346318560506
0.4708333333333334,0.3281595517236865,0.02836667440696013,-5.558610399526659,4.2316089961561465,-0.3440323989690594,2.2203769897206085
0.4716666666666667,0.33287674966962805,0.02670604289988704,-5.557972095144404,4.232614099022023,-0.3329549952373565,2.2096435657768496
0.47250000000000003,0.33761200259199925,0.025097668750768274,-5.557285643938502,4.23363038025056,-0.3219322299488828,2.1985373919411284
0.4733333333333334,0.3423646537533919,0.02354144841394499,-5.556553766106765,4.234657031752428,-0.3109659268827611,2.187061764306438
0.4741666666666667,0.3471340477482174,0.022037276707304414,-5.555779194509291,4.235693224117325,-0.3000579073099491,2.17521998461147
0.47500000000000003,0.3519195291708881,0.020585048448733493,-5.554964662006176,4.23673812793495,-0.2892099925014021,2.163015354594915
0.4758333333333334,0.3567204426158154,0.019184658456119455,-5.554112901457518,4.237790913794999,-0.27842400372807796,2.1504511759954643
0.4766666666666667,0.3615361325112207,0.0178360011739331,-5.553226648535769,4.238850752309219,-0.2677017622256066,2.1375307534571486
0.47750000000000004,0.36636594943697365,0.016538934925826393,-5.552308914187659,4.239916566690867,-0.257045059347017,2.124257595964876
0.4783333333333334,0.3712092707986023,0.015293253051143638,-5.551363206893439,4.240986658154963,-0.24645561392116846,2.110635525756141
0.4791666666666667,0.3760654792210099,0.014098742167855864,-5.5503930869492715,4.242059236136952,-0.23593513436477798,2.096668389032789
0.48000000000000004,0.38093395732910096,0.012955188893933867,-5.549402114651322,4.24313251007228,-0.22548532909456023,2.0823600319966613
0.4808333333333334,0.3858140877477787,0.011862379847348678,-5.5483938502957555,4.244204689396392,-0.21510790652723216,2.067714300849604
0.4816666666666667,0.3907052531019465,0.010820101646071318,-5.547371854178736,4.245273983544735,-0.20480457507951058,2.0527350417934613
0.48250000000000004,0.3956068404823255,0.009828124629466287,-5.5463398107599975,4.246338475420698,-0.19457702786766043,2.037426187457224
0.48333333333333334,0.4005182722869174,0.008886152996671521,-5.545301909333625,4.247395508879164,-0.18442687352869813,2.0217919627408634
0.4841666666666667,0.4054389854327088,0.007993874542153945,-5.5442624645265495,4.248442168951467,-0.17435569225542633,2.005836645267651
0.48500000000000004,0.4103684168485542,0.007150977065418178,-5.543225790927557,4.249475540534422,-0.16436506422815686,1.9895645125886505
0.48583333333333334,0.41530600346330804,0.00635714836596882,-5.542196203125434,4.250492708524845,-0.1544565696272015,1.9729798422549276
0.4866666666666667,0.42025118220582586,0.005612076243310319,-5.541178015708966,4.251490757819553,-0.14463178863287007,1.956086911817544
0.48750000000000004,0.4252033919283082,0.0049154432434904,-5.54017558350431,4.252466728847914,-0.1348922960093672,1.938890025051499
0.48833333333333334,0.43016210662196835,0.004266879534977616,-5.539193658581722,4.253416976922643,-0.1252395897753218,1.9213936942066843
0.4891666666666667,0.4351268295421147,0.003665986097531088,-5.538237212003646,4.254337328917536,-0.11567511138470479,1.9036025155765273
0.49000000000000005,0.4400970647633873,0.003112363663393112,-5.537311216549041,4.255223598574425,-0.10620030099793493,1.8855210842714214
0.49083333333333334,0.44507231636042627,0.0026056129648059745,-5.536420644996859,4.256071599635139,-0.09681659877543099,1.8671539954017602
0.4916666666666667,0.45005208840787264,0.0021453347340118613,-5.535570470126057,4.256877145841511,-0.0875254448776098,1.8485058440779336
0.49250000000000005,0.45503588641201426,0.0017311279101317812,-5.53476567827765,4.2576360243072005,-0.0783282765275587,1.8295812317871107
0.49333333333333335,0.46002325145239803,0.0013625520035620568,-5.534011550523737,4.258343365117239,-0.0692264598674925,1.8103848882958933
0.4941666666666667,0.46501375373255704,0.0010391406115391366,-5.533313556749032,4.258993766185429,-0.060221305211896635,1.7909216109213169
0.49500000000000005,0.4700069631501023,0.0007604289034749794,-5.532677154139348,4.259581832187669,-0.05131412394483376,1.7711961886202985
0.49583333333333335,0.475002449602645,0.0005259520487815312,-5.532107799880496,4.2601021677998565,-0.04250622745036649,1.7512134103497552
0.4966666666666667,0.4799997859166455,0.0003352422590709806,-5.53161097339019,4.260549325165984,-0.03379892145365648,1.7309780737133431
0.49750000000000005,0.48499857929878315,0.00018780336475710522,-5.531192358750164,4.260917228994249,-0.02519344647793094,1.7104950433763204
0.49833333333333335,0.48999845927848756,0.00008312363218725584,-5.5308577474929725,4.261199391729817,-0.016691001264776725,1.6897692119890728
0.4991666666666667,0.494999055762641,0.00002069118526601561,-5.530612931895685,4.261389318641435,-0.008292783872629345,1.6688054720192844
0.5,0.49999999865812456,-5.852102010045714e-9,-5.53046370423537,4.261480514997853,7.640073441082806e-9,1.6476087159346453