x,y,W,
0.,1.303377767107765,1.
0.0213324652429651,1.3013561113739316,0.9821556787629144
0.041905052726225245,1.2954017378821199,0.9305532637191545
0.06103797072706066,1.2858270041674926,0.8506323979252826
0.07819234090390292,1.2730962212940446,0.7503776467322045
0.09300203793800763,1.2577608641407774,0.6389837769053512
0.10527613724873988,1.2403951895501995,0.5254633091984462
0.11497877664520073,1.2215438165570482,0.4174868978895173
0.12219628407700507,1.2016867342604707,0.32064882078078094
0.12710077461864216,1.1812216550332468,0.23821707079142568
0.12991666111898026,1.1604604276857242,0.17130602366973177
0.13089351692552254,1.1396346868838134,0.11933208534471886
0.1302861702190488,1.118907084125556,0.08059004107234828
0.12834143034557,1.098383749730115,0.052810979058718156
0.12529021693781145,1.0781272617746365,0.033611455083535496
0.12134347294486161,1.0581677428169347,0.020796608945120726
0.11669083554887613,1.03851251222191,0.012522178146251485
0.11150083913719841,1.0191536764281934,0.007345229447237001
0.10592209104118179,1.0000741200977084,0.004201832899050916
0.10008480965947571,0.9812519788868447,0.002346721286264051
0.09410255272968529,0.962663939083594,0.001281045306988533
0.08807384060697912,0.9442875537181654,0.00068429932866527
0.08208361397951733,0.926102813383739,0.0003581049846642972
0.07620454769027812,0.9080931193290291,0.00018380826540688154
0.07049817595803146,0.8902457990446891,0.00009264460156802397
0.06501584229124749,0.8725522840843423,0.00004590778842843547
0.05979951517739748,0.8550080315464226,0.000022391030440499964
0.05488253749556571,0.8376122398161299,0.000010761975405929977
0.0502902641672749,0.8203674508679009,5.1032451601467815e-6
0.04604069527371002,0.8032790514970712,2.3902347925297213e-6
0.04214505196218818,0.7863547432410253,1.1070667759547942e-6
0.03860836046381263,0.7696039919751374,5.076231357873964e-7
0.03543003179134797,0.7530374926243883,2.306927522084396e-7
0.03260444779819298,0.7366666685777272,1.0402486035289256e-7
0.0301215363400208,0.720503219951736,4.6594157885796895e-8
0.027967376729631926,0.7045587343658628,2.0753528447608268e-8
0.026124758719962317,0.688844362618434,9.202118146938389e-9
0.024573772780921415,0.6733705660053758,4.066139232829356e-9
0.023292349291164263,0.6581469311251253,1.7923882040603425e-9
0.022256784911559774,0.6431820488932297,7.890188173281392e-10
0.02144223581240359,0.6284834515660456,3.4720902406725944e-10
0.020823174743462666,0.6140576004745462,1.5288972780803245e-10
0.020373809168235148,0.5999099172662251,6.743362123213883e-11
0.020068462167408888,0.5860448370475431,2.9819759549036404e-11
0.01988191584929888,0.5724659129722698,1.3233380531026675e-11
0.019789659667092972,0.5591759153713577,5.8989687525947456e-12
0.019768206409093946,0.5461769402558876,2.6436857194376526e-12
0.01979528048069105,0.5334705108228319,1.1922032719733045e-12
0.0198499142031471,0.5210577298088437,5.414584510642324e-13
0.019912768481708726,0.5089393285288901,2.4786170891739196e-13
0.019966049127872452,0.49711579486100277,1.1445265298455883e-13
0.019993667912119477,0.4855874421390284,5.3351229889963263e-14
0.019984809125315778,0.47435443771562624,2.5123542316421273e-14
0.019945973414099046,0.4634166969576593,1.1960174470806297e-14
0.01989636749614033,0.45277375288886035,5.75972499435411e-15
0.019857024690071015,0.44242485398995723,2.8076708340510346e-15
0.019845206227687977,0.4323690763150322,1.386207020190072e-15
0.01987472197381908,0.4226053968693551,6.935679314158131e-16
0.01995627696792526,0.4131327241787309,3.518474748544328e-16
0.020097822215122463,0.4039499009824545,1.8106461046597477e-16
0.02030485761054108,0.3950556848472042,9.456251893851013e-17
0.020580745778560942,0.3864487175538077,5.014026434818817e-17
0.020926975711003933,0.3781274860254249,2.7001951245861677e-17
0.021343423853301173,0.3700902818398929,1.4773598207633642e-17
0.02182859593307075,0.3623351627405334,8.214563142190754e-18
0.022379832859381273,0.35485991031655784,4.642977439362479e-18
0.02299354400868383,0.3476620098086811,2.668162731783236e-18
0.02366536834358808,0.3407386149875129,1.5592074289223216e-18
0.024390344993065426,0.3340865252074217,9.266716079498447e-19
0.025163088244831783,0.32770218724039846,5.601643601132943e-19
0.02597791032603098,0.32158168243033924,3.44423506503721e-19
0.026828944927563422,0.3157207112028943,2.154072314782373e-19
0.02771026766068191,0.31011461284913816,1.3702609957446344e-19
0.028615983707728505,0.30475837650525994,8.865236532535178e-20
0.029540319785641825,0.29964663469776776,5.832741824834801e-20
0.03047770344581434,0.29477367813952876,3.901980270121537e-20
0.03142278928119947,0.2901335082063673,2.6536637162199242e-20
0.03237057230387633,0.2857197888098062,1.8342414209533825e-20
0.03331636499258293,0.2815259260451749,1.2882582083971445e-20
0.03425586751903212,0.2775450520511474,9.190834036686715e-21
0.03518520738728849,0.2737700371729497,6.65834649555011e-21
0.036100891851987935,0.27019354230217124,4.896397081564111e-21
0.036999914769157094,0.2668079849686984,3.653497942050893e-21
0.037879681261409115,0.2636055933626256,2.7648544462942404e-21
0.03873804795468041,0.2605784010123239,2.1210991257644868e-21
0.0395733393056483,0.257718250458307,1.6487512491598488e-21
0.04038426778820519,0.25501683053526725,1.2978394995290454e-21
0.04117004026324892,0.2524656413207069,1.0339765853890315e-21
0.041930210870163735,0.2500560510190163,8.332278761152175e-22
0.04266481704914254,0.24777924596375908,6.78743374838849e-22
0.04337421260422949,0.24562629098074196,5.585345456392356e-22
0.04405920254803168,0.24358807421336048,4.639773614817618e-22
0.044720886607474364,0.2416553646455386,3.888079499226464e-22
0.045360772801256964,0.23981875938910502,3.284280467349752e-22
0.04598064984439612,0.23806873226835135,2.7943294292057076e-22
0.04658266701091138,0.23639559086197126,2.392758879652875e-22
0.04716923978787389,0.2347895149551975,2.0603792351049142e-22
0.0477431232651854,0.23324051182006128,1.7825839805187336e-22
0.04830731241080022,0.23173846303338808,1.548205887726543e-22
0.048865117453188764,0.23027307982435397,1.3486221206886213e-22
0.04942008587440607,0.22883394503145868,1.1771482296205564e-22
0.04997534690665245,0.2274122305101149,1.028746157326086e-22
0.0505314946554307,0.22600597122408383,9.000086720512236e-23
0.05108844832421219,0.2246149380054387,7.882071824816965e-23
0.051646132799703384,0.2232389056259504,6.910085970459393e-23
0.05220447566072786,0.22187765002562812,6.064150507483223e-23
0.05276340736447825,0.2205309492582,5.32713933577875e-23
0.053322861172097794,0.21919858350155472,4.684355441469064e-23
0.05388277356749023,0.2178803354534562,4.1231722045074123e-23
0.05444308355695194,0.21657598984719822,3.632730182288195e-23
0.05500373316598155,0.2152853339393631,3.2036794245933813e-23
0.05556466669047026,0.2140081569327293,2.8279611093308815e-23
0.05612583139437279,0.2127442506521638,2.498621962818437e-23
0.05668717674532301,0.21149340892655463,2.2096561617043198e-23
0.05724865512659581,0.2102554282922089,1.9558709948060702e-23
0.05781022052599022,0.2090301068709072,1.7327718846757972e-23
0.058371830481108666,0.20781724629463788,1.536465087719002e-23
0.05893344461922341,0.2066166503454456,1.3635735923140097e-23
0.05949502479119535,0.20542812507628908,1.2111654351700892e-23
0.060056533922349255,0.2042514776578056,1.0766927663500658e-23
0.06061793793420997,0.2030865187331436,9.579397078161162e-24
0.061179205618123955,0.20193306238058434,8.529768129614671e-24
0.06174030699288915,0.2007909242703373,7.601223816696404e-24
0.06230121300180163,0.1996599210429926,6.77909409875428e-24
0.06286189760299962,0.1985398730865388,6.050571960931146e-24
0.06342233753617864,0.19743060449710115,5.404463778065544e-24
0.06398251018778428,0.19633194041429602,4.8309767836560965e-24
0.06454239372512896,0.19524370698951646,4.3215369564008054e-24
0.06510196921705366,0.19416573458129383,3.8686319614230135e-24
0.06566122009992895,0.19309785724723996,3.465672126244706e-24
0.06622013013947767,0.19203990962969855,3.1068718604748996e-24
0.06677868381069323,0.19099172743649476,2.7871477729714553e-24
0.06733686840358374,0.18995315112844952,2.5020304733613456e-24
0.06789467303597055,0.18892402454911997,2.247585958209775e-24
0.06845208695898597,0.18790419182924362,2.0203484589015418e-24
0.06900910009122382,0.18689349826082388,1.8172626055499177e-24
0.06956570500731525,0.18589179443348858,1.6356331732049972e-24
0.07012189555491413,0.18489893379967137,1.4730799698830202e-24
0.07067766561650146,0.18391476991044253,1.3274992574599825e-24
0.07123300924379405,0.18293915621995746,1.1970302678988076e-24
0.07178792320600733,0.18197195289012108,1.0800266614089008e-24
0.0723424060622729,0.1810130253001786,9.750300923928757e-25
0.07289645642143736,0.18006223899103913,8.807475328217294e-25
0.07345007289234734,0.17911945950361172,7.960317195872189e-25
0.0740032540838494,0.17818455237880543,7.198640070042182e-25
0.074555999253377,0.17725738457398055,6.513394367145806e-25
0.07510831038367596,0.17633783172033643,5.896538241004358e-25
0.07566019022713898,0.17542577359335526,5.340916256028747e-25
0.07621164152782317,0.17452109003738764,4.840156155700112e-25
0.07676266702978572,0.17362366089678416,4.388579450851283e-25
0.07731326947708378,0.17273336601589534,3.9811226230983757e-25
0.07786345191627024,0.17185008615321007,3.613268046987052e-25
0.07841321903984041,0.17097371017463636,3.28098462199938e-25
0.07896257598731071,0.1701041317936144,2.980671178578988e-25
0.07951152788049182,0.16924124482769543,2.7091075939417362e-25
0.08006007984119437,0.16838494309443086,2.4634127587992206e-25
0.08060823699122908,0.16753512041137192,2.241007367063117e-25
0.08115600458596786,0.16669167112184097,2.0395810829607e-25
0.08170338862946638,0.16585449678543707,1.8570644451841048e-25
0.08225039507760087,0.1650235045777244,1.6916019272024947e-25
0.08279702984197251,0.16419860185035812,1.5415280732632802e-25
0.08334329883418243,0.16337969595499321,1.4053472103144274e-25
0.08388920796583171,0.16256669424328485,1.2817154205214324e-25
0.08443476320072574,0.16175950434102507,1.169424539579279e-25
0.08497997055034673,0.16095804006029668,1.0673884795398115e-25
0.08552483536628122,0.1601622215024281,9.746301748262235e-26
0.08606936290650952,0.1593719690639608,8.902696012203626e-26
0.08661355842901186,0.15858720314143626,8.135137312849278e-26
0.08715742719176854,0.15780784413139592,7.436475885571286e-26
0.08770097447065388,0.15703381255558355,6.800262649492568e-26
0.08824420509268507,0.15626503405293285,6.220680788410556e-26
0.08878712252164002,0.15550144107325367,5.692481470862059e-26
0.08932973004036224,0.15474296653950556,5.210922186511722e-26
0.08987203093169524,0.1539895433746481,4.771715763071318e-26
0.09041402847848257,0.15324110450164083,4.3709849678630576e-26
0.09095572596969234,0.15249758289091858,4.00522181302081e-26
0.09149712595527636,0.15175891558843974,3.6712524379741936e-26
0.09203822886843901,0.15102504677902556,3.366204961782805e-26
0.09257903481206019,0.15029592136796988,3.087477081295916e-26
0.09311954388901975,0.14957148426056632,2.8327095456995974e-26
0.09365975620219757,0.14885168036210866,2.599762630385695e-26
0.09419967189027317,0.14813645451825025,2.3866949592352524e-26
0.09473929141040213,0.14742575210715986,2.1917444479105057e-26
0.09527861110506411,0.1467195285222023,2.013313299389888e-26
0.09581762584693684,0.14601774218558541,1.8499504313141046e-26
0.09635633050869805,0.145320351519517,1.700336711673235e-26
0.09689471996302543,0.14462731494620484,1.563272559338681e-26
0.09743278908259669,0.1439385908878568,1.4376667465487294e-26
0.09797053274008954,0.14325413776668064,1.3225262833713544e-26
0.0985079458081817,0.1425739140048842,1.2169472764771311e-26
0.09904502289441766,0.14189787919860591,1.1201067504329911e-26
0.09958175434537975,0.14122600201041244,1.0312560494790467e-26
0.10011812732136316,0.14055825550244166,9.497134099237198e-27
0.10065412891044687,0.13989461277417026,8.748571050578568e-27
0.10118974620070982,0.13923504692507488,8.06119988877466e-27
0.10172496628023098,0.13857953105463228,7.429845621223316e-27
0.10225977623708934,0.13792803826231914,6.849784967030268e-27
0.10279416315936385,0.1372805416476121,6.316705748240689e-27
0.1033281136155626,0.13663701632355843,5.826670851476351e-27
0.10386160829160997,0.13599744783831214,5.376088919783686e-27
0.10439462859476362,0.1353618114085841,4.961677322755927e-27
0.10492715803122518,0.134730087909351,4.580431236782204e-27
0.10545919205713687,0.13410224492259368,4.229599008317838e-27
0.1059907295365979,0.13347824448443701,3.906662170301712e-27
0.10652176961895862,0.13285804909107415,3.6093185879942865e-27
0.10705231170625942,0.1322416216431928,3.3354631634419684e-27
0.10758235530624365,0.13162892522131647,3.083170378644938e-27
0.10811190031574462,0.13101992355745917,2.8506784398744258e-27
0.10864094654914003,0.1304145802672777,2.6363747698788564e-27
0.10916949433345026,0.12981285987363095,2.4387830854779792e-27
0.10969754412070239,0.12921472709713794,2.256551389663898e-27
0.11022509641838454,0.128620146800902,2.088441044072854e-27
0.11075215206035922,0.12802908443405364,1.933316933287904e-27
0.1112787119381057,0.1274415055444067,1.7901385107907747e-27
0.1118047770301786,0.12685737598273578,1.6579517195414993e-27
0.11233034869732353,0.1262766622819272,1.535881615201785e-27
0.11285542835121397,0.12569933107179643,1.4231254286463521e-27
0.11338001756305896,0.12512534946886453,1.3189463871540422e-27
0.11390411823028154,0.12455468513865633,1.2226681008762848e-27
0.11442773224114276,0.1239873057702815,1.1336694435752082e-27
0.11495086156227886,0.12342317945348869,1.051379944398796e-27
0.11547350844499749,0.12286227476258317,9.752755067273527e-28
0.1159956750930399,0.12230456031711184,9.048744363502967e-28
0.11651736390493272,0.12175000531266963,8.397338903113095e-28
0.11703857745474894,0.12119857922125478,7.794466354897468e-28
0.11755931830882703,0.12065025164305825,7.236381021545767e-28
0.11807958923110565,0.12010499280209647,6.719637199557163e-28
0.1185993930977153,0.11956277311488879,6.241063777468499e-28
0.11911873281400032,0.11902356333108713,5.797741427203262e-28
0.11963761149529326,0.11848733473972922,5.38698193271668e-28
0.12015603228833013,0.11795405868152084,5.006309273836445e-28
0.12067399835004736,0.11742370680017426,4.65344253799205e-28
0.1211915130253177,0.11689625129046884,4.326280119244599e-28
0.12170857968252873,0.1163716644525569,4.0228847734384425e-28
0.12222520176294063,0.1158499191119762,3.741470297522137e-28
0.12274138284287471,0.11533098841693834,3.4803893575359793e-28
0.12325712649363633,0.11481484551868523,3.238122330400147e-28
0.12377243633484342,0.1143014640105309,3.0132672896086125e-28
0.12428731609849686,0.11379081800198088,2.8045305671656534e-28
0.12480176949911792,0.1132828816690056,2.6107178665202645e-28
0.12531580035088474,0.11277762989172133,2.4307263689929116e-28
0.1258294125200426,0.11227503779304837,2.2635374954607046e-28
0.12634260987283671,0.11177508049590715,2.1082102591874143e-28
0.12685539630920423,0.11127773320577258,1.9638751847009697e-28
0.127367775817444,0.11078297177508256,1.8297288631389565e-28
0.12787975234676854,0.11029077235978416,1.7050286407220573e-28
0.12839132988273816,0.10980111123046135,1.5890877722162481e-28
0.12890251246622977,0.1093139653527071,1.4812710757944172e-28
0.12941330408384738,0.10882931195454934,1.3809909365104766e-28
0.12992370872073403,0.10834712826443205,1.2877036292748276e-28
0.13043373040805425,0.10786739163024556,1.2009059572137165e-28
0.1309433732262384,0.10739008006065855,1.1201322363710434e-28
0.13145264119181096,0.10691517178926402,1.0449513127650608e-28
0.13196153834098154,0.1064426450883538,9.749638708388978e-29
0.13247006878145523,0.10597247879587293,9.098000086771922e-29
0.1329782365291045,0.10550465217421234,8.491170034608762e-29
0.13348604558708754,0.10503914449565024,7.925972517940315e-29
0.13399349997252202,0.10457593518243913,7.39946390173372e-29
0.13450060366191338,0.10411500429536177,6.90891600985425e-29
0.1350073605912434,0.10365633206449953,6.451799175932243e-29
0.1355137746985967,0.10319989872548203,6.025767120329072e-29
0.13601984992081123,0.10274568487333789,5.628643252687447e-29
0.13652559009873186,0.10229367167285817,5.258408027627576e-29
0.13703099905224914,0.10184384033916478,4.9131872695840456e-29
0.13753608059678207,0.10139617227981429,4.591241553722973e-29
0.13804083844685774,0.10095064950612481,4.2909565485914455e-29
0.13854527627782082,0.10050725414708972,4.010833287651522e-29
0.1390493977650476,0.1000659683317254,3.749479573776839e-29
0.1395532065736006,0.09962677437494313,3.50560215211554e-29
0.14005670623327443,0.099189655212633,3.277999473379686e-29
0.14055990022179748,0.09875459391043648,3.065555001174862e-29
0.14106279198644472,0.09832157377187647,2.86723115340261e-29
0.14156538482526676,0.09789057865377065,2.6820637160451296e-29
0.1420676820012431,0.09746159249110473,2.509156209265741e-29
0.14256968677735318,0.09703459921886431,2.347674946917536e-29
0.14307140240925542,0.09660958284709997,2.1968445150539803e-29
0.1435728320011074,0.09618652794521268,2.0559435851977454e-29
0.1440739785567648,0.09576541931293846,1.9243010267990495e-29
0.14457484518104635,0.09534624164027589,1.801292271880229e-29
0.14507543460447336,0.09492898055640522,1.6863364074688853e-29
0.14557574944017576,0.09451362194807222,1.578892740763028e-29
0.14607579230128329,0.09410015170202252,1.4784578369475361e-29
0.14657556586257758,0.09368855560218445,1.384562884129349e-29
0.14707507290948862,0.09327881937074758,1.2967712495348164e-29
0.14757431564229279,0.09287092989385304,1.214676213112246e-29
0.1480732961836993,0.09246487420006583,1.1378988640555878e-29
0.14857201665641745,0.09206063931795103,1.0660861494434973e-29
0.1490704791831564,0.09165821227607368,9.989090634108248e-30
0.14956868588800143,0.09125758010698959,9.360609668731974e-30
0.15006663878820664,0.09085873025236538,8.772561005443543e-30
0.15056433949655565,0.0904616508806855,8.22228191914445e-30
0.15106178954738939,0.09006633023192531,7.707289464956459e-30
0.1515589904750488,0.08967275654606026,7.225267847852345e-30
0.15205594381387488,0.08928091806306568,6.774056899324814e-30
0.1525526510982086,0.08889080302291696,6.351641367372906e-30
0.15304911355358825,0.08850240076210322,5.956140962475649e-30
0.1535453321370346,0.08811569969050131,5.585801100336294e-30
0.15404130783373038,0.08773068956983349,5.2389842976140236e-30
0.15453704164695997,0.08734735960292583,4.9141621681262874e-30
0.1550325344482672,0.08696569965952569,4.609908399189881e-30
0.15552778581219945,0.08658570570649732,4.32489107645353e-30
0.15602279827237497,0.08620735441257299,4.057867565719047e-30
0.1565175725371657,0.08583064223044626,3.8076761687037084e-30
0.15701211066639387,0.0854555584672856,3.573231833979763e-30
0.1575064147985435,0.08508209192355484,3.3535211119877086e-30
0.15800048710965353,0.0847102315406087,3.1475973779737277e-30
0.158494329779235,0.08433996653285698,2.9545762622067836e-30
0.15898794496720703,0.08397128678660166,2.773631440602361e-30
0.15948133484599142,0.08360418175937212,2.6039907341817888e-30
0.1599745015885516,0.08323864087196725,2.4449324788420374e-30
0.16046744740323776,0.08287465375558349,2.29578218187765e-30
0.16096017459599965,0.08251221047316451,2.155909369977342e-30
0.16145268544036306,0.08215130092024961,2.0247245986495732e-30
0.16194498220651443,0.08179191497627417,1.9016767172955366e-30
0.1624370671811975,0.0814340426174488,1.7862503240839782e-30
0.16292894269466163,0.08107767409488098,1.6779633949847457e-30
0.1634206110486245,0.08072279959386804,1.5763650999245282e-30
0.16391207457609103,0.08036940941702181,1.481033735023177e-30
0.16440333561135478,0.08001749388932325,1.3915747674026945e-30
0.16489439650793916,0.07966704353565071,1.3076190437520548e-30
0.16538525964976714,0.07931804901825099,1.2288211210313408e-30
0.16587592741807633,0.07897050101191264,1.1548577117947641e-30
0.1663664021962188,0.07862439032980942,1.0854262540637563e-30
0.16685668639054532,0.07827970788463791,1.020243540246464e-30
0.16734678240873246,0.07793644459119867,9.590444352872648e-31
0.16783669265845652,0.07759459136429225,9.01580697930352e-31
0.16832641954073813,0.0772541391099422,8.476198808190279e-31
0.1688159654097545,0.07691507881549271,7.969443065390855e-31
0.16930533267236353,0.07657740189968194,7.493501248446525e-31
0.1697945237642946,0.07624109989349674,7.046464022648559e-31
0.17028354112170957,0.07590616432848632,6.626542772876311e-31
0.1707723871807703,0.07557258673619993,6.232061808975963e-31
0.17126106437763877,0.0752403586481868,5.861451085660839e-31
0.17174957513981587,0.0749094714782528,5.513239296019286e-31
0.17223792188442288,0.07457991682017445,5.186047815411629e-31
0.1727261069837174,0.07425168653465886,4.878584793468964e-31
0.17321413281973305,0.07392477271779596,4.589639316485656e-31
0.17370200180009243,0.07359916755171567,4.318076232793611e-31
0.17418971633241814,0.07327486321854795,4.062831316795938e-31
0.17467727882433282,0.07295185190042275,3.822906748120743e-31
0.17516469168345902,0.07263012577946999,3.5973668848715496e-31
0.1756519573174194,0.07230967703781964,3.3853343114473796e-31
0.1761390781338365,0.07199049785760164,3.185986142726731e-31
0.1766260565161606,0.07167258044375234,2.9985505676615353e-31
0.17711289481339143,0.07135591719712905,2.8223036164970533e-31
0.17759959540910797,0.07104050066782927,2.6565661608002676e-31
0.1780861606531737,0.07072632369813014,2.500701190627468e-31
0.17857259284526367,0.0704133792192029,2.3541110482074317e-31
0.1790588942845506,0.07010166016214833,2.2162348984474375e-31
0.1795450672702072,0.0697911594580672,2.086546417698783e-31
0.18003111410140615,0.06948187003806029,1.9645516304679393e-31
0.1805170370662118,0.06917378483826575,1.8497868843415276e-31
0.18100283839509254,0.06886689693709236,1.7418169541646292e-31
0.1814885203261754,0.06856119955433443,1.6402332669446457e-31
0.1819740851005481,0.06825668591510561,1.5446522396969687e-31
0.18245953495929831,0.06795334924451955,1.4547137229659358e-31
0.18294487214351374,0.06765118276768992,1.3700795431320222e-31
0.18343009891708595,0.06735017976362465,1.2904321466561297e-31
0.18391521751400347,0.06705033379205398,1.2154733741999943e-31
0.1844002300817611,0.06675163848133026,1.1449232099802724e-31
0.18488513875194434,0.06645408741483286,1.0785186290706713e-31
0.18536994557833514,0.0661576745031116,1.0160125487957097e-31
0.1858546526017545,0.06586239372916729,9.57172845978028e-32
0.18633926186302324,0.06556823907600072,9.017814358839721e-32
0.18682377540296247,0.0652752045266127,8.496334088931798e-32
0.18730819526239303,0.06498328406400401,8.00536221195198e-32
0.18779252348213593,0.06469247167117548,7.543089360707332e-32
0.1882767621030121,0.06440276133112788,7.107815125392326e-32
0.1887609131658425,0.06411414702686202,6.697941383627794e-32
0.1892449787152662,0.06382662277639706,6.311966083205655e-32
0.1897289607291226,0.06354018284192663,5.948477638176195e-32
0.1902128611081902,0.06325482158551268,5.606149201123749e-32
0.1906966817541405,0.06297053344765652,5.283733332030056e-32
0.19118042445823688,0.06268731311750042,4.980057172047008e-32
0.1916640909507058,0.06240515532831388,4.694017916210744e-32
0.1921476829617655,0.06212405481336135,4.424578565542843e-32
0.1926312022216342,0.0618440063059072,4.170763940926026e-32
0.1931146504605301,0.06156500453921585,3.931656942280746e-32
0.1935980294086715,0.06128704424655171,3.706395037700588e-32
0.1940813407962765,0.06101012016117917,3.494166968177547e-32
0.19456458635356344,0.060734227016362635,3.2942096544616063e-32
0.19504776781037475,0.06045935957079295,3.1058053078436876e-32
0.19553088681118014,0.06018551279849513,2.9282788321469196e-32
0.19601394491106233,0.05991268177782848,2.760995169796836e-32
0.19649694367252374,0.05964086161448898,2.603356802924036e-32
0.19697988460477198,0.059370047642581414,2.454801503082873e-32
0.19746276908303728,0.05910023529238409,2.314800218886393e-32
0.19794559847454088,0.05883141999268129,2.1828550918604075e-32
0.1984283741465039,0.05856359717225729,2.05849759272654e-32
0.19891109746614755,0.05829676225989636,1.9412867706201603e-32
0.199393769800693,0.05803091068438281,1.8308076082981214e-32
0.19987639251736142,0.0577660378745009,1.7266694768240975e-32
0.20035896698337402,0.057502139259034926,1.6285046836278399e-32
0.2008414945034622,0.057239210767876345,1.5359672101982993e-32
0.20132397627970292,0.056977247314825986,1.448731201778345e-32
0.20180641353240084,0.05671624496399122,1.366490038698595e-32
0.20228880745838357,0.05645619979870487,1.2889549706018114e-32
0.2027711591210784,0.056197106955315504,1.2158541314870419e-32
0.203253469542697,0.055938962788847815,1.1469315309130301e-32
0.20373573979795132,0.05568176319469549,1.0819461196874284e-32
0.20421797089639732,0.05542550416667349,1.0206709190827754e-32
0.20470016383532436,0.055170181714094636,9.628921756935447e-33
0.20518231967110145,0.05491579182000539,9.084085759931527e-33
0.20566443970353726,0.0546623303934089,8.570304918737492e-33
0.20614652519890014,0.05440979340937555,8.08579325351351e-33
0.20662857740291754,0.054158176902011086,7.628868594681694e-33
0.20711059755767164,0.05390747678903803,7.197946459325693e-33
0.20759258687085919,0.05365768919619315,6.791534374887608e-33
0.2080745465792911,0.05340881022141624,6.408226364852267e-33
0.20855647792189835,0.05316083597673545,6.0466978984487344e-33
0.20903838212649786,0.052913762599160474,5.7057011436419875e-33
0.20952026040398708,0.05266758628262734,5.384060508201361e-33
0.21000211397370516,0.05242230324229087,5.080668355359005e-33
0.210483944066716,0.052177909611566375,4.794481032936249e-33
0.2109657518933502,0.051934401672313876,4.524515166135187e-33
0.21144753865173443,0.051691775801246814,4.269844122123911e-33
0.2119293055421834,0.05145002836344642,4.0295946769641335e-33
0.21241105376501165,0.05120915572399396,3.802943915840529e-33
0.21289278451737798,0.05096915426910258,3.589116319546069e-33
0.21337449898183525,0.05073002048278478,3.387381054993134e-33
0.2138561983492097,0.050491750793655574,3.1970492685032026e-33
0.2143378838118873,0.050254341619886074,3.017471682898816e-33
0.21481955656223586,0.050017789379752015,2.84803630814387e-33
0.21530121777746247,0.04978209057920775,2.688166325657318e-33
0.21578286862940071,0.049547241755283175,2.5373180111373885e-33
0.21626451030057747,0.04931323939300021,2.3949787737265412e-33
0.21674614396515135,0.049080080062825694,2.2606653863502575e-33
0.21722777076558902,0.04884776043117481,2.1339222960948564e-33
0.21770939181716165,0.0486162772820356,2.014320062683645e-33
0.2181910082473289,0.048385627341662116,1.9014537729271147e-33
0.21867262118682596,0.04815580732079326,1.7949416466426442e-33
0.21915423176638799,0.04792681393016794,1.694423709535342e-33
0.2196358411086805,0.047698643905810675,1.599560545580069e-33
0.2201174503180272,0.0474712940575992,1.510032126111574e-33
0.22059906049819938,0.04724476120592648,1.4255366694474069e-33
0.22108067275297072,0.047019042171180844,1.345789588714868e-33
0.22156228818611473,0.04679413377375059,1.2705225039381127e-33
0.22204390790140513,0.046570032834024,1.1994823114130587e-33
0.22252553300438072,0.04634673619001992,1.1324303070187379e-33
0.22300716457194225,0.046124240772377,1.0691413588807953e-33
0.22348880363460447,0.04590254359779028,1.0094031429136318e-33
0.22397045121497244,0.04568164173371092,9.530154045691416e-34
0.22445210833564044,0.04546153224783604,8.997892569404593e-34
0.2249337760192025,0.04524221220786277,8.495465304904264e-34
0.22541545528825283,0.045023678681488245,8.021191603422624e-34
0.22589714716538556,0.04480592873640957,7.573486088988759e-34
0.22637885266979219,0.044588959434144836,7.150853213864335e-34
0.2268605728002964,0.04437276787259002,6.751882199839466e-34
0.2273423085482298,0.04415735119253096,6.375242181008306e-34
0.22782406090491458,0.043942706535313694,6.019677585023877e-34
0.2283058308617604,0.043728831042402994,5.684003843061431e-34
0.22878761940471232,0.043515721895527,5.3671033468419285e-34
0.2292694274743935,0.04330337636722664,5.067921637695775e-34
0.22975125599301988,0.043091791745396804,4.7854638211508524e-34
0.23023310585722156,0.042880965363518334,4.518791226680485e-34
0.23071497795699075,0.04267089458361038,4.267018173961552e-34
0.23119687318243243,0.04246157676805455,4.029308934302183e-34
0.2316787924236518,0.04225300927923245,3.8048748955811404e-34
0.23216073657075387,0.04204518947952571,3.5929718894416363e-34
0.23264270651384375,0.04183811473131595,3.392897671192147e-34
0.23312470313911426,0.04163178239940385,3.2039895471893478e-34
0.23360672730574672,0.041426189888833384,3.0256221649724055e-34
0.2340887798631353,0.041221334635406955,2.857205377485044e-34
0.2345708616610145,0.04101721407849261,2.6981822282545906e-34
0.2350529735246097,0.04081382572182102,2.548027074066097e-34
0.2355351162319313,0.04061116712939805,2.406243814758223e-34
0.2360172905565721,0.040409235867243626,2.2723642237047614e-34
0.2364994972813726,0.04020802948291877,2.1459463631180144e-34
0.23698173718572477,0.04000754551809347,2.0265731108952406e-34
0.23746401098332404,0.03980778163010684,1.9138508200358207e-34
0.23794631938314442,0.03960873548505686,1.8074079285230355e-34
0.23842866309416,0.03941040474904148,1.7068937096971362e-34
0.23891104282534475,0.03921278708815865,1.6119770984062492e-34
0.23939345928567268,0.039015880168506364,1.5223455836600654e-34
0.23987591318411788,0.03881968165618255,1.4377041639962837e-34
0.24035840522965435,0.03862418921728519,1.3577743619843366e-34
0.24084093612848578,0.03842940052959084,1.2822932945006152e-34
0.24132350653869752,0.03823531334716321,1.211012795610301e-34
0.2418061170836673,0.03804192545284374,1.1436985890195283e-34
0.24228876838620234,0.037849234629411116,1.0801295073093633e-34
0.24277146106930209,0.03765723866041351,1.020096755399728e-34
0.24325419573454313,0.03746593537532522,9.634032268209922e-35
0.24373697291826937,0.037275322667868496,9.098628548324155e-35
0.24421979314606493,0.03708539843569905,8.592999708015024e-35
0.2447026569435139,0.03689616057647259,8.11548718554285e-35
0.24518556483620038,0.03670760698784484,7.664525043654899e-35
0.24566851734970846,0.0365197355674715,7.23863477909882e-35
0.2461515150096223,0.036332544213008286,6.836420424231037e-35
0.24663455834165285,0.03614603082205822,6.45656392420226e-35
0.2471176478775789,0.03596019330293465,6.097820774142484e-35
0.24760078407505756,0.03577502964042013,5.759015901746721e-35
0.24808396735781074,0.03559053784319523,5.439039781112022e-35
0.24856719814956038,0.03540671591994049,5.136844764994607e-35
0.24905047687402837,0.03522356187933649,4.851441623156885e-35
0.24953380393516378,0.03504107376338833,4.581896318468385e-35
0.25001717967593884,0.034859249689768196,4.3273269767818507e-35
0.25050060443573574,0.034678087763198584,4.086900841401467e-35
0.25098407855411853,0.03449758608797626,3.859831537074458e-35
0.2514676023706512,0.034317742768397996,3.645376481006241e-35
0.2519511762248978,0.03413855590876057,3.442834438376042e-35
0.25243480045642247,0.03396002361336076,3.251543214721551e-35
0.2529184754047892,0.03378214398649532,3.0708774775009114e-35
0.25340220140956193,0.03360491513246103,2.9002466995725857e-35
0.25388597883293834,0.03342833551618048,2.7390932177892114e-35
0.25436980792806974,0.03325240263717508,2.586890400097496e-35
0.25485368906626565,0.03307711502205943,2.4431409189611303e-35
0.2553376225984389,0.03290247085310862,2.3073751186075808e-35
0.25582160887048094,0.03272846832043351,2.1791494667723968e-35
0.2563056482280814,0.032555105614816525,2.0580450983768113e-35
0.2567897410168143,0.03238238092725839,1.9436664411078576e-35
0.2572738875790322,0.03221029245735713,1.83563991777936e-35
0.2577580882535573,0.032038838415888414,1.7336127211662507e-35
0.2582423433790353,0.031868017014371725,1.637251657249496e-35
0.2587266532708785,0.03169782647957392,1.5462420633902197e-35
0.2592110182123727,0.03152826507991578,1.4602867822795945e-35
0.2596954385139686,0.031359331088107054,1.379105158176468e-35
0.2601799144864095,0.031191022778164684,1.3024321288134053e-35
0.26066444644043363,0.031023338424106227,1.2300173581104514e-35
0.26114903468467265,0.03085627630383095,1.161624416966086e-35
0.2616336795227014,0.030689834707541386,1.097030009711719e-35
0.2621183812573793,0.030524011927852555,1.0360232436736718e-35
0.26260314019073616,0.030358806258577165,9.784049398204916e-36
0.2630879566082814,0.0301942160182961,9.239869876984881e-36
0.2635728307822897,0.030030239549844448,8.725917256533315e-36
0.26405776298459405,0.029866875198686138,8.240513557861655e-36
0.2645427534870277,0.029704121310285964,7.782073962022788e-36
0.26502780256596176,0.029541976220242103,7.349101633753037e-36
0.26551291049367387,0.029380438270858282,6.940182833192742e-36
0.2659980775284381,0.02921950584109516,6.553982299804068e-36
0.26648330392414066,0.029059177327003975,6.189238918639188e-36
0.26696858992701844,0.028899451131539827,5.844761587815807e-36
0.2674539357832487,0.02874032565767519,5.5194253114204545e-36
0.2679393417390088,0.028581799308382547,5.2121675288287034e-36
0.2684248080404758,0.02842387048663437,4.9219846481580924e-36
0.2689103349334371,0.028266537595814965,4.647928773106815e-36
0.26939592265521906,0.028109799051096854,4.389104627744896e-36
0.2698815714358756,0.027953653280619002,4.144666632138172e-36
0.2703672815050549,0.02779809871453848,3.913816124782825e-36
0.2708530530804344,0.02764313380568601,3.69579875819758e-36
0.2713388863649553,0.02748875702492629,3.48990203993513e-36
0.2718247815607233,0.02733496684357443,3.29545301012644e-36
0.27231073886818674,0.027181761736303246,3.1118160511900726e-36
0.27279675847745455,0.02702914019375565,2.9383908280535087e-36
0.2732828405747814,0.026877100711304842,2.7746103171026253e-36
0.2737689853464182,0.026725641784324464,2.6199389527322823e-36
0.27425519297861567,0.026574761908188173,2.4738708825180387e-36
0.27474146365762453,0.026424459578269617,2.3359283191998605e-36
0.27522779756949867,0.026274733290328877,2.2056599843614148e-36
0.2757141948931773,0.02612558155083983,2.0826396454585894e-36
0.2762006557926725,0.02597700289346386,1.9664647262368537e-36
0.2766871804111592,0.025828995874738213,1.8567549856157728e-36
0.27717376888817813,0.02568155905250799,1.753151278731394e-36
0.27766042136327035,0.02553469098461831,1.655314387207609e-36
0.27814713797597657,0.025388390228914273,1.5629239142838357e-36
0.2786339188634183,0.025242655346678012,1.4756772429903877e-36
0.2791207641508784,0.02509748491354795,1.393288555843821e-36
0.2796076739600438,0.02495287750888698,1.3154878964966487e-36
0.28009464841260123,0.024808831712057777,1.2420202880463079e-36
0.28058168763023694,0.02466534610242299,1.1726449026198156e-36
0.2810687917346375,0.02452241925934528,1.1071342769757696e-36
0.28155596084720613,0.024380049766034417,1.0452735702168816e-36
0.28204319507517356,0.024238236224250233,9.868598628638404e-37
0.282530494484279,0.02409697727388381,9.317015123830393e-37
0.2830178591351798,0.023956271559672754,8.796175141682031e-37
0.2835052890885329,0.02381611772635465,8.304369097034228e-37
0.2839927844049954,0.02367651441866711,7.839982297242619e-37
0.28448034514522447,0.023537460281347733,7.4014896821770554e-37
0.2849679713698772,0.023398953959134113,6.9874508555278735e-37
0.2854556631396108,0.023260994096763857,6.596505391302757e-37
0.28594342051508215,0.023123579338974555,6.227368400272208e-37
0.2864312435569486,0.02298670833050382,5.878826341976271e-37
0.2869191323246119,0.02285037971841638,5.54973306869967e-37
0.287407086858404,0.022714592169669465,5.239006088590815e-37
0.28789510718374633,0.02257934436212756,4.94562303757541e-37
0.2883831933076697,0.022444634993639204,4.668618380434576e-37
0.2888713452165302,0.02231046277621543,4.407080249595276e-37
0.2893595628955948,0.022176826422056293,4.160147430306728e-37
0.2898478463301307,0.022043724643361885,3.9270065508003665e-37
0.2903361955054052,0.021911156152332245,3.706889429585227e-37
0.2908246104066854,0.02177911966116746,3.499070569602094e-37
0.2913130910192384,0.021647613882067596,3.3028647911150843e-37
0.2918016373283314,0.02151663752723272,3.1176249956664657e-37
0.292290249319019,0.021386189309381375,2.942740053849272e-37
0.2927789269625265,0.021256267954793386,2.7776328100553017e-37
0.29326767020877476,0.021126872203395305,2.6217581977143673e-37
0.29375647900591506,0.02099800079561332,2.4746014589077405e-37
0.2942453533011923,0.02086965247329373,2.3356764636685404e-37
0.2947342930209931,0.02074182599631445,2.204524138751297e-37
0.2952232980711147,0.020614520135988988,2.0807109598149344e-37
0.2957123683564978,0.020487733663716427,1.9638275160015222e-37
0.29620150378208315,0.020361465350895832,1.8534871714141e-37
0.2966907042528116,0.020235713968926282,1.7493248013067782e-37
0.29717996967362376,0.02011047828920685,1.6509955982547539e-37
0.2976692999495728,0.0199857570830981,1.5581739444362082e-37
0.2981586949883463,0.019861549123733897,1.4705523463717034e-37
0.2986481546687749,0.019737853202730984,1.3878404286769963e-37
0.29913767885774367,0.019614668117502593,1.3097639835432247e-37
0.2996272674221374,0.019491992665461977,1.2360640728817013e-37
0.30011692022884107,0.019369825644022363,1.1664961802208404e-37
0.30060663714375857,0.019248165852043215,1.1008294101477859e-37
0.30109641801943327,0.0191270121022775,1.0388457377369582e-37
0.3015862626988821,0.01900636321381756,9.803392899182739e-38
0.30207617102492734,0.01888621800563782,9.251156651974659e-38
0.30256614284039124,0.01876657529671273,8.729912961909533e-38
0.3030561779880961,0.018647433906016732,8.237928475783623e-38
0.3035462763108641,0.018528792652524256,7.773566474231701e-38
0.30403643765151755,0.018410650355209748,7.335281500162364e-38
0.304526661850871,0.018293005834459405,6.921614284990576e-38
0.30501694874016627,0.018175857924703786,6.531186956215137e-38
0.3055072981748812,0.018059205456733524,6.162698510699589e-38
0.3059977100155693,0.017943047259032688,5.814920539072936e-38
0.3064881841227838,0.017827382160085344,5.486693187290153e-38
0.3069787203984824,0.017712209232135016,5.176921366703923e-38
0.3074693186851065,0.01759752682385121,4.884571021258658e-38
0.3079599788844811,0.01748333401408758,4.608665953801833e-38
0.30845070086288695,0.017369629639761505,4.3482844599382297e-38
0.3089414844860041,0.017256412539353096,4.102556321344951e-38
0.3094323296195026,0.01714368155136902,3.870659935536065e-38
0.3099232361209589,0.017031435516998643,3.6518196092079566e-38
0.3104142038060813,0.016919673296204342,3.445303005195715e-38
0.31090523251050606,0.016808393750188465,3.250418723302167e-38
0.31139632207437534,0.016697595739208815,3.0665140172384087e-38
0.3118874723375967,0.01658727812383997,2.892972641196575e-38
0.3123786831387523,0.016477439767287435,2.7292128185382226e-38
0.31286995431596054,0.016368079533990477,2.574685317546014e-38
0.31336128570733945,0.016259196288393497,2.42887163526727e-38
0.3138526771506982,0.016150788895372668,2.291282284616272e-38
0.31434412848238136,0.01604285622249602,2.1614551784893623e-38
0.3148356395383115,0.015935397138358044,2.0389540987903135e-38
0.3153272101615071,0.015828410510183015,1.9233672520457375e-38
0.3158188402077763,0.015721895207561537,1.814305907032396e-38
0.3163105295097882,0.015615850111678249,1.711403109530862e-38
0.31680227789825355,0.015510274105098785,1.614312464615139e-38
0.317294085203883,0.015405166070389647,1.5227069879976297e-38
0.3177859512582544,0.015300524888512938,1.436278020958842e-38
0.31827787589060474,0.015196349444010958,1.3547342110270107e-38
0.318769858927597,0.01509263862574721,1.277800545015124e-38
0.3192619001958892,0.014989391322594284,1.2052174326408543e-38
0.3197539995221388,0.014886606423424781,1.1367398447330709e-38
0.3202461567330037,0.014784282817111295,1.0721364994342283e-38
0.3207383716563794,0.014682419393327852,1.0111890937281707e-38
0.32123064411786495,0.01458101504797045,9.536915777781914e-39
0.3217229739380139,0.014480068679820046,8.994494696944785e-39
0.3222153609367231,0.014379579188762273,8.482792089686303e-39
0.32270780492984746,0.014279545480005776,8.000075474868608e-39
0.3232003057315384,0.014179966460344863,7.544709703233164e-39
0.3236928631559428,0.014080841036572951,7.115151500318543e-39
0.3241854770172075,0.013982168115483454,6.709944323908873e-39
0.32467814712947946,0.013883946603869787,6.327713508287767e-39
0.3251708733069055,0.013786175408525366,5.967161679354623e-39
0.3256636553636324,0.013688853436243608,5.6270644255420884e-39
0.32615649311252687,0.01359197959552996,5.306266210316099e-39
0.32664938636056506,0.01349555280206698,5.0036765151218634e-39
0.3271423349092041,0.013399571977931816,4.718266207563027e-39
0.3276353385576275,0.013304036046703535,4.449064088676601e-39
0.3281283971050004,0.013208943931955059,4.195153637959006e-39
0.3286215103504881,0.01311429455725931,3.9556699471920045e-39
0.3291146780932558,0.013020086846189213,3.7297968255711397e-39
0.32960790013246877,0.01292631972231769,3.5167640665819055e-39
0.3301011762672921,0.012832992109217668,3.315844867616454e-39
0.33059450629689113,0.012740102930462065,3.126353393829644e-39
0.3310878900200191,0.01264765111027234,2.947642479276877e-39
0.33158132722946826,0.012555635579475467,2.7791014627819866e-39
0.3320748177095356,0.012464055276034782,2.620154131659741e-39
0.33256836124316325,0.01237290913867451,2.470256781946995e-39
0.33306195761329327,0.01228219610611887,2.3288963918748815e-39
0.33355560660286787,0.012191915117092084,2.19558889758601e-39
0.3340493079948291,0.012102065110318371,2.0698775653644102e-39
0.3345430615721191,0.012012645024521956,1.95133145499537e-39
0.33503686711768,0.011923653798427058,1.839543969175063e-39
0.33553072441409487,0.011835090371220415,1.7341314846654424e-39
0.3360246332395075,0.011746953685985077,1.6347320638694947e-39
0.3365185933691042,0.011659242687736894,1.5410042314178103e-39
0.33701260457542315,0.011571956324152647,1.4526258192976123e-39
0.33750666662482076,0.01148509354727847,1.3692928798269888e-39
0.33800077928277134,0.01139865330954138,1.2907186596071e-39
0.3384949423147493,0.011312634563368392,1.2166326310147078e-39
0.3389891554862291,0.011227036261186523,1.1467795780196118e-39
0.33948341856268494,0.011141857355422786,1.0809187332922687e-39
0.33997773130929865,0.011057096798835547,1.0188229639581994e-39
0.34047209348678575,0.010972753547590284,9.602780052634791e-40
0.34096650485242236,0.010888826559800415,9.050817334427129e-40
0.34146096516339797,0.010805314793597868,8.530434788510973e-40
0.3419554741771582,0.010722217207030326,8.039833796942283e-40
0.3424500316500829,0.010639532759589768,7.577317721019945e-40
0.3429446373293633,0.010557260415975555,7.1412861447386716e-40
0.3434392909606604,0.010475399141625142,6.7302294417543194e-40
0.3439339922896349,0.010393947901975991,6.342723647790306e-40
0.34442874106214494,0.010312905662466777,5.9774256209348536e-40
0.3449235370207442,0.010232271390878345,5.6330684864966915e-40
0.3454183799019156,0.010152044058103025,5.3084573305232545e-40
0.34591326944175776,0.010072222635197733,5.00246511190526e-40
0.3464082053763693,0.009992806093219387,4.714028823429199e-40
0.34690318744184856,0.009913793403224905,4.4421458701206965e-40
0.3473982153742943,0.009835183536271202,4.185870651502472e-40
0.34789328890980487,0.009756975463415196,3.944311336338488e-40
0.3483884077844497,0.009679168155727252,3.7166268190703e-40
0.3488835717305801,0.009601760586607961,3.5020238477599748e-40
0.34937878047697,0.009524751733051394,3.299754313912581e-40
0.34987403375257364,0.009448140572834074,3.1091126966754963e-40
0.3503693312849364,0.009371926086578301,2.929433655125532e-40
0.3508646728014874,0.009296107255529689,2.760089744286899e-40
0.3513600580296595,0.009220683060930414,2.6004892642927612e-40
0.3518554866968856,0.009145652484022649,2.4500742334247258e-40
0.35235095853059856,0.009071014506048579,2.308318475561998e-40
0.3528464732582315,0.008996768108250359,2.1747258156149176e-40
0.35334203060721714,0.008922912271870174,2.0488283768737064e-40
0.35383763030498855,0.008849445978150197,1.930184974542601e-40
0.3543332720789786,0.008776368208332604,1.8183796000511611e-40
0.3548289556564952,0.008703677943685357,1.7130199910937755e-40
0.35532468075552226,0.008631374168713322,1.61373628463791e-40
0.3558204471145687,0.008559455870452485,1.5201797395974482e-40
0.35631625449636645,0.0084879220335614,1.4320215368090758e-40
0.35681210266383023,0.008416771642670805,1.3489516477657216e-40
0.35730799137987523,0.008346003682411441,1.2706777657947392e-40
0.35780392040741604,0.008275617137414043,1.1969242977508309e-40
0.35829988950936786,0.00820561099230935,1.1274314128125935e-40
0.3587958984486455,0.0081359842317281,1.0619541451640066e-40
0.3592919469881639,0.008066735840301032,1.000261547522008e-40
0.3597880348908379,0.007997864802658882,9.421358926430047e-41
0.36028416191780577,0.007929370103726567,8.873719205313689e-41
0.3607803278173616,0.007861250731928865,8.357761312110958e-41
0.36127653234464807,0.007793505676867603,7.871661097545299e-41
0.361772775254816,0.007726133928313095,7.413698940264464e-41
0.362269056292449,0.007659134479894018,6.98225378935823e-41
0.3627653752036278,0.007592506327631492,6.575797540934739e-41
0.36326173173491605,0.007526248467580168,6.192889734006623e-41
0.36375812563287724,0.007460359895794695,5.832172547630499e-41
0.3642545566440752,0.007394839608329724,5.492366082271503e-41
0.3647510245150734,0.0073296866012399035,5.172263909318986e-41
0.3652475289924355,0.007264899870579886,4.870728873589559e-41
0.3657440698281878,0.007200478411718362,4.586689129476391e-41
0.36624064678592466,0.007136421220345206,4.3191344094127736e-41
0.3667372596200489,0.007072727294964675,4.0671125202284865e-41
0.3672339080844408,0.007009395634182399,3.8297260068140787e-41
0.36773059193298047,0.006946425236604013,3.6061290198639115e-41
0.3682273109225451,0.006883815100407972,3.3955243625745643e-41
0.3687240648400173,0.006821564220873313,3.1971607055432917e-41
0.36922085345868433,0.006759671597842687,3.01032996035726e-41
0.36971767654542137,0.006698136232335575,2.834364802837636e-41
0.3702145338671037,0.00663695712537146,2.6686363374726794e-41
0.37071142519060607,0.006576133277970082,2.5125518950293134e-41
0.37120835028302973,0.006515663691898344,2.365552957062515e-41
0.37170530891365194,0.0064555473711181525,2.2271131991655364e-41
0.37220230085253164,0.006395783319978425,2.096736641061999e-41
0.37269932586972787,0.006336370542828084,1.9739559051328056e-41
0.3731963837352995,0.0062773080440160466,1.8583305748682685e-41
0.37369347421930543,0.006218594827891234,1.7494456470767962e-41
0.37419059709180474,0.006160229898802565,1.6469100725212737e-41
0.37468775212271543,0.006102212261131761,1.550355379955135e-41
0.37518493907457906,0.006044540922101515,1.459434378816538e-41
0.3756821577148659,0.005987214891155123,1.3738199361023163e-41
0.3761794078160139,0.005930233177220908,1.293203823222738e-41
0.37667668915163666,0.005873594790427044,1.217295629778653e-41
0.3771740014968862,0.005817298742839773,1.145821738747377e-41
0.3776713446270139,0.005761344046701016,1.0785243586480207e-41
0.3781687183172713,0.0057057297142527,1.0151606125403813e-41
0.3786661223429098,0.0056504547577367475,9.555016793267903e-42
0.3791635564791809,0.005595518189395082,8.993319842521883e-42
0.37966102050133604,0.0055409190214696265,8.464484357981179e-42
0.38015851418462665,0.0054866562662023045,7.966597063238379e-42
0.3806560373043043,0.005432728935835041,7.497855539596877e-42
0.3811535896356203,0.005379136042609759,7.056561833980292e-42
0.38165117095350554,0.005325876599476934,6.641116434205943e-42
0.38214878103562905,0.0052729496241018005,6.250012596118054e-42
0.3826464196620314,0.005220354136401236,5.881830986058019e-42
0.3831440866127612,0.005168089156324293,5.5352346292163154e-42
0.3836417816678671,0.005116153703820021,5.208964153843544e-42
0.3841395046073977,0.005064546798837477,4.9018333088460283e-42
0.3846372552114016,0.0050132674613257095,4.612724739018564e-42
0.3851350332599273,0.004962314711233771,4.3405860031783447e-42
0.38563283853302355,0.004911687568510716,4.08442582130249e-42
0.3861306708107388,0.004861385053105594,3.843310537564244e-42
0.3866285298731218,0.004811406184967459,3.6163607869100536e-42
0.38712641550061333,0.004761749984478477,3.4027483544655105e-42
0.3876243274750132,0.0047124154743232085,3.2016932182132955e-42
0.38812226557867247,0.00466340167814154,3.01246075469249e-42
0.3886202295957042,0.004614707622045876,2.8343591081791122e-42
0.3891182193104348,0.004566332333843845,2.6667367130699745e-42
0.38961623450715077,0.004518274841376003,2.5089799590904575e-42
0.39011427497013884,0.004470534172482901,2.3605109911346364e-42
0.39061234048368565,0.004423109355005095,2.220785636013125e-42
0.39111043083207786,0.004375999416783141,2.089291448823274e-42
0.3916085457996021,0.004329203385657592,1.965545872075484e-42
0.39210668517055464,0.004282720289473177,1.8490945011061247e-42
0.39260484872988405,0.0042365491570756884,1.7395094507344675e-42
0.3931030362634017,0.004190689019585931,1.6363878161013078e-42
0.39360124755695064,0.004145138908437927,1.539350219268027e-42
0.3940994823963738,0.004099897855065696,1.4480394418642732e-42
0.3945977405676172,0.004054964891080621,1.362119137107728e-42
0.39509602185788795,0.004010339050828518,1.281272616313953e-42
0.3955943260545936,0.003966019370022479,1.2052017056081865e-42
0.39609265294502216,0.003922004884264599,1.1336256687990519e-42
0.3965910023164616,0.003878294629156968,1.0662801926051896e-42
0.39708937395619975,0.003834887640301682,1.0029164306428577e-42
0.3975877676516291,0.0037917829535129566,9.433001029076397e-43
0.3980861831912846,0.0037489796068747383,8.87210648307706e-43
0.39858462036417286,0.003706476639354077,8.344404243381951e-43
0.3990830789592713,0.0036642730898526913,7.847939537193931e-43
0.399581558765557,0.003622367997272301,7.380872152202333e-43
0.40008005957179743,0.0035807604005902646,6.941469755770948e-43
0.40057858116815626,0.003539449340442295,6.528101601786031e-43
0.40107712335012646,0.0034984338590635564,6.139232602786449e-43
0.401575685913781,0.003457712998752977,5.7734177462827326e-43
0.4020742686558339,0.0034172858020646833,5.429296835629528e-43
0.4025728713793809,0.0033771513130981265,5.10558953415014e-43
0.4030714938908546,0.003337308576529977,4.801090699636779e-43
0.4035701359967073,0.0032977566370378463,4.51466599178392e-43
0.4040687975033913,0.0032584945392993454,4.245247732997678e-43
0.40456747821735917,0.0032195213279920852,3.991831009970376e-43
0.4050661779450631,0.0031808360477936777,3.753470002102895e-43
0.4055648964921624,0.003142437743522611,3.5292745236452492e-43
0.4060636336647062,0.003104325462018483,3.318406767264785e-43
0.4065623892748782,0.0030664982526672864,3.1200782410447448e-43
0.40706116313976637,0.003028955166827732,2.933546875947779e-43
0.40755995507880355,0.0029916952560290247,2.7581143042899193e-43
0.4080587649114227,0.002954717571800371,2.5931233000542266e-43
0.4085575924570565,0.002918021165670974,2.4379553670600437e-43
0.409056437535138,0.0028816050891700413,2.2920284678194863e-43
0.40955529996509993,0.002845468393826776,2.1547948849149244e-43
0.41005417956637524,0.002809610131170384,2.025739207204878e-43
0.410553076159054,0.0027740293527309784,1.9043764333855096e-43
0.41105198956893974,0.0027387251112973854,1.7902501861893483e-43
0.4115509196246522,0.0027036964634868073,1.6829310333932284e-43
0.41204986615241007,0.0026689424684208417,1.5820149033150652e-43
0.41254882897812095,0.0026344621853334293,1.48712159423026e-43
0.41304780792769236,0.002600254673458513,1.3978933711802054e-43
0.4135468028270317,0.0025663189920300347,1.3139936448594357e-43
0.4140458135020466,0.002532654200281937,1.2351057278039866e-43
0.41454483977864454,0.002499259357448162,1.160931663380837e-43
0.41504388148390314,0.00246613352303242,1.0911911232310505e-43
0.41554293844890045,0.002433275758673561,1.0256203696478628e-43
0.41604201050509404,0.0024006851269912305,9.639712786321207e-44
0.4165410974841828,0.002368360691125045,9.060104197123447e-44
0.4170401992242801,0.002336301516974665,8.515181900545347e-44
0.4175393155693827,0.0023045066705718936,8.002879993513346e-44
0.41803844636367116,0.0022729752178692582,7.521255025236718e-44
0.4185375914513263,0.002241706224819285,7.068478774436394e-44
0.4190367506765542,0.0022106987573938877,6.642831450530298e-44
0.41953592388537453,0.0021799518830191537,6.242695295472889e-44
0.42003511092594426,0.002149464670949984,5.866548559619204e-44
0.42053431164640265,0.00211923619046089,5.512959829848179e-44
0.4210335258909955,0.0020892655117810376,5.18058269300632e-44
0.42153275350198094,0.002059551708085302,4.868150712999795e-44
0.42203199432463256,0.002030093853059095,4.574472703237966e-44
0.42253124820423493,0.002000891020389861,4.29842827715525e-44
0.4230305149873286,0.001971942284566924,4.038963660785342e-44
0.4235297945227392,0.0019432467220608018,3.795087752180731e-44
0.42402908665951866,0.0019148034096406507,3.565868411297869e-44
0.424528391246719,0.0018866114240756265,3.350428969102679e-44
0.4250277081338514,0.0018586698421147775,3.1479449425445234e-44
0.4255270371783204,0.0018309777413348432,2.9576409431148243e-44
0.4260263782386813,0.0018035342017453813,2.778787767645773e-44
0.426525731173207,0.0017763383045755728,2.6106996610102724e-44
0.42702509584231085,0.001749389133135615,2.4527317401063116e-44
0.4275244721067175,0.0017226857710364004,2.3042775689809797e-44
0.4280238598271515,0.001696227301888821,2.164766877694289e-44
0.42852325886433756,0.0016700128093037696,2.0336634159273875e-44
0.42902266907900033,0.0016440413768921388,1.9104629333508175e-44
0.42952209033113153,0.0016183120885473153,1.7946912793048783e-44
0.43002152248129183,0.0015928240317153513,1.6859026149496748e-44
0.43052096539545753,0.0015675762974553121,1.5836777311236766e-44
0.4310204189400545,0.0015425679771580271,1.4876224650570525e-44
0.4315198829815086,0.001517798162214326,1.397366211095551e-44
0.43201935738624553,0.0014932659440150386,1.3125605196088999e-44
0.43251884202069124,0.0014689704139509941,1.2328777788230968e-44
0.433018336751277,0.0014449106634162215,1.15800997469441e-44
0.4335178414453509,0.0014210857847657822,1.0876675243490996e-44
0.4340173559734386,0.001397494873815147,1.02157817861857e-44
0.4345168802090225,0.001374137029317851,9.59485989228157e-45
0.43501641402575264,0.0013510113502100988,9.011503374485696e-45
0.43551595729727915,0.001328116935428096,8.463450203830942e-45
0.43601550989725224,0.001305452883908047,7.948573914503914e-45
0.4365150716993391,0.0012830182946051761,7.464875518660204e-45
0.4370146425783841,0.001260812267889344,7.010475902159493e-45
0.4375142224107496,0.0012388339064542313,6.583608670711196e-45
0.4380138110742002,0.0012170823156182004,6.182613419339661e-45
0.43851340844731723,0.001195556601627228,5.805929403213633e-45
0.4390130144086863,0.001174255870728553,5.4520895846120125e-45
0.43951262883697373,0.0011531792292649994,5.1197150338068626e-45
0.4400122516120574,0.0011323257852106205,4.8075096635802107e-45
0.44051188261474694,0.0011116946479045745,4.5142552758222425e-45
0.4410115217262365,0.0010912849269584235,4.238806902496996e-45
0.4415111688298214,0.0010710957343631126,3.980088424611981e-45
0.44201082380942025,0.0010511261834985357,3.737088452028896e-45
0.44251048654928143,0.0010313753882282175,3.5088564488153106e-45
0.4430101569350824,0.0010118424645859173,3.29449908975367e-45
0.44350983485287604,0.0009925265292342563,3.0931768328081797e-45
0.44400952018871515,0.00097342669883591,2.90410069635297e-45
0.4445092128287082,0.0009545420901967629,2.7265292287892223e-45
0.4450089126601995,0.0009358718224206414,2.559765658914862e-45
0.44550861957246635,0.0009174150176889096,2.4031552165979466e-45
0.44600833345596336,0.0008991708001921193,2.256082613134909e-45
0.44650805420123163,0.0008811382942901689,2.1179696715167906e-45
0.44700778169881245,0.0008633166243429573,1.9882730986455655e-45
0.44750751583924675,0.000845704914710383,1.8664823906716656e-45
0.4480072565133093,0.0008283022901256378,1.752117863536799e-45
0.4485070036143918,0.000811107879836374,1.6447288014746848e-45
0.44900675703736653,0.0007941208158205986,1.54389171573972e-45
0.4495065166770957,0.0007773402300532033,1.449208707514884e-45
0.4500062824284412,0.0007607652545090792,1.360305928957195e-45
0.45050605418626744,0.0007443950211674801,1.2768321363496303e-45
0.45100583184658294,0.0007282286633000816,1.1984573298375271e-45
0.45150561531042327,0.0007122653183929178,1.1248714744303561e-45
0.4520054044813877,0.0006965041254286518,1.0557832980921437e-45
0.4525051992631344,0.0006809442234093801,9.90919161698022e-46
0.4530049995592281,0.0006655847514581571,9.300219966808391e-46
0.4535048052737003,0.0006504248504018131,8.728503064736549e-46
0.45400461631182465,0.0006354636628339141,8.191772274207184e-46
0.45450443257995865,0.0006207003340550483,7.687896463759232e-46
0.45500425398505595,0.0006061340102432896,7.214873712165791e-46
0.45550408043495727,0.0005917638383043416,6.7708235109188465e-46
0.45600391183863814,0.0005775889672651768,6.353979436796113e-46
0.4565037481050571,0.0005636085465371432,5.962682262989028e-46
0.4570035891450117,0.0005498217265324759,5.5953734840019454e-46
0.45750343487095174,0.0005362276605672901,5.250589230228011e-46
0.4580032851965317,0.0005228255042826783,4.9269545483634265e-46
0.4585031400361351,0.000509614414673598,4.6231780264767674e-46
0.4590029993041442,0.0004965935487656884,4.338046741775719e-46
0.45950286291498266,0.00048376206368145794,4.0704215126246105e-46
0.46000273078463866,0.0004711191195295896,3.819232436629513e-46
0.4605026028316908,0.0004586638805477422,3.5834746971283884e-46
0.4610024789750474,0.00044639551138308495,3.362204622198341e-46
0.46150235913361687,0.00043431317668278713,3.1545359813994812e-46
0.4620022432265288,0.0004224160416198458,2.9596365057101556e-46
0.46250213117499495,0.00041070327586607814,2.7767246173653458e-46
0.46300202290128634,0.00039917405126777304,2.6050663567824056e-46
0.46350191832767645,0.000387827539676499,2.4439724949269057e-46
0.4640018173767541,0.0003766629135587847,2.2927958200236744e-46
0.4645017199727818,0.0003656793484081686,2.150928588091146e-46
0.4650016260415344,0.0003548760228081129,2.017800127330154e-46
0.46550153550894857,0.00034425211585559505,1.892874587282352e-46
0.46600144830165646,0.0003338068081601103,1.7756488240518102e-46
0.4665013643470376,0.000323539282050975,1.6656504133105951e-46
0.4670012835733323,0.0003134487220139183,1.5624357834118171e-46
0.4675012059098406,0.00030353431502202317,1.4655884614688834e-46
0.4680011312868476,0.0002937952504001322,1.374717425576287e-46
0.46850105963495214,0.0002842307182679743,1.2894555566855677e-46
0.4690009908850643,0.0002748399094963308,1.2094581842246999e-46
0.4695009249697674,0.00026562201918770836,1.134401719828606e-46
0.4700008618225443,0.00025657624485957685,1.0639823738120795e-46
0.47050080137692224,0.000247701784158396,9.979149493916077e-47
0.471000743567223,0.0002389978369414308,9.359317100333653e-47
0.471500688329281,0.00023046360746144855,8.777813154688142e-47
0.4720006355991151,0.00022209830053203003,8.232278222169911e-47
0.4725005853131944,0.00021390112229062412,7.720497447759443e-47
0.47300053740926934,0.00020587128276243418,7.240391737825493e-47
0.4735004918257985,0.00019800799427074147,6.790009476858647e-47
0.4740004485016903,0.0001903104706055007,6.367518747475322e-47
0.4745004073765602,0.00018277792792435925,5.9712000229486e-47
0.4750003683908934,0.0001754095854130766,5.599439303603364e-47
0.47550033148597315,0.00016820466513217346,5.25072167061114e-47
0.47600029660366105,0.0001611623912753415,4.92362523165609e-47
0.47650026368620446,0.00015428198947697034,4.616815434696327e-47
0.4770002326770204,0.00014756268993203764,4.329039727843004e-47
0.4775002035200563,0.0001410037250029056,4.0591225441433425e-47
0.47800017615964846,0.0001346043286747088,3.8059605916225726e-47
0.4785001505413026,0.00012836374002416287,3.5685184302431036e-47
0.4790001266107927,0.00012228119934411575,3.3458243181669027e-47
0.47950010431457957,0.00011635595009499636,3.136966311208823e-47
0.4800000836000472,0.00011058724021089118,2.9410885999702263e-47
0.48050006441491105,0.00010497431929997905,2.757388070304952e-47
0.48100004670762997,0.00009951644082269919,2.5851110735886033e-47
0.4815000304273831,0.00009421286219104841,2.4235503939564133e-47
0.482000015523882,0.00008906284382533875,2.272042400687994e-47
0.4825000019473601,0.00008406564921392633,2.1299643743610162e-47
0.4829999896489029,0.000079220547097464,1.9967319963195184e-47
0.4834999785799271,0.00007452680835741976,1.871796991454043e-47
0.4839999686926957,0.00006998370961003681,1.7546449150384503e-47
0.4844999599398516,0.0000655905301595439,1.6447930748018658e-47
0.48499995227476084,0.00006134655469940692,1.5417885800681707e-47
0.4854999456512996,0.00005725107191623425,1.4452065101739302e-47
0.48599994002390634,0.00005330337513973531,1.3546481949589715e-47
0.48649993534764163,0.000049502763139617405,1.26973960045501e-47
0.48699993157803134,0.00004584853896388825,1.1901298134096487e-47
0.48749992867122893,0.00004234001179737333,1.1154896185896054e-47
0.4879999265838587,0.00003897649568924004,1.0455101632305265e-47
0.48849992527315483,0.000035757311462166,9.799017033115597e-48
0.48899992469678627,0.00003268178505423373,9.183924266644415e-48
0.48949992481302207,0.000029749249959035498,8.607273482361109e-48
0.48999992558057015,0.00002695904563133777,8.066672730950864e-48
0.49049992695869293,0.000024310519578882885,7.559878230515423e-48
0.49099992890709954,0.000021803026353598097,7.084785230050529e-48
0.4914999313860057,0.00001943592906704238,6.639419433724303e-48
0.4919999343561027,0.000017208599681157544,6.221928951696278e-48
0.4924999377785303,0.00001512041921821211,5.830576745294686e-48
0.4929999416148856,0.000013170778769642084,5.46373353633716e-48
0.49349994582721823,0.000011359080513292872,5.1198711522104435e-48
0.4939999503779955,9.68473790893089e-6,4.797556280047346e-48
0.494499955230111,8.147177235825847e-6,4.495444604978564e-48
0.4949999603468641,6.745838505295762e-6,4.212275308946298e-48
0.49549996569194693,5.480176760970422e-6,3.946865908003699e-48
0.4959999712294306,4.349663623154125e-6,3.698107407372006e-48
0.49649997692374603,3.353788857908496e-6,3.464959754787137e-48
0.4969999827396704,2.4920626326101265e-6,3.2464475738559115e-48
0.49749998864230427,1.7640177540596186e-6,3.041656160256912e-48
0.4979999945970511,1.1692126721382785e-6,2.849727724670729e-48
0.49850000056959076,7.072348813091952e-7,2.669857867301468e-48
0.4990000065258515,3.7770531056074464e-7,2.5012922697833828e-48
0.4995000124319749,1.8028360075495338e-7,2.343323591128572e-48
0.5000000182542743,1.146748192551086e-7,2.1952885551896205e-48